Tarih,TP_DK_CHF_S_YTL
20-09-2016,3.0451
21-09-2016,3.0542
22-09-2016,3.0553
23-09-2016,3.0521
26-09-2016,3.0498
27-09-2016,3.0931
28-09-2016,3.0787
29-09-2016,3.0758
30-09-2016,3.0983
03-10-2016,3.1037
04-10-2016,3.1037
05-10-2016,3.1066
06-10-2016,3.1376
07-10-2016,3.1347
10-10-2016,3.1195
11-10-2016,3.1341
12-10-2016,3.137
13-10-2016,3.1274
14-10-2016,3.1448
17-10-2016,3.1347
18-10-2016,3.1426
19-10-2016,3.1414
20-10-2016,3.1251
21-10-2016,3.1142
24-10-2016,3.103
25-10-2016,3.1043
26-10-2016,3.107
27-10-2016,3.1153
28-10-2016,3.1352
31-10-2016,3.1352
01-11-2016,3.1508
02-11-2016,3.1539
03-11-2016,3.2138
04-11-2016,3.2149
07-11-2016,3.2325
08-11-2016,3.2396
09-11-2016,3.2678
10-11-2016,3.2897
11-11-2016,3.2652
14-11-2016,3.3184
15-11-2016,3.3098
16-11-2016,3.2977
17-11-2016,3.3112
18-11-2016,3.322
21-11-2016,3.3681
22-11-2016,3.3576
23-11-2016,3.3393
24-11-2016,3.3597
25-11-2016,3.3618
28-11-2016,3.4069
29-11-2016,3.3961
30-11-2016,3.385
01-12-2016,3.3836
02-12-2016,3.4142
05-12-2016,3.4832
06-12-2016,3.5024
07-12-2016,3.5006
08-12-2016,3.4104
09-12-2016,3.3611
12-12-2016,3.4098
13-12-2016,3.4741
14-12-2016,3.4407
15-12-2016,3.4549
16-12-2016,3.442
19-12-2016,3.4124
20-12-2016,3.4212
21-12-2016,3.4273
22-12-2016,3.4302
23-12-2016,3.4335
26-12-2016,3.4335
27-12-2016,3.4294
28-12-2016,3.4309
29-12-2016,3.4498
30-12-2016,3.4614
02-01-2017,3.4675
03-01-2017,3.4744
04-01-2017,3.4967
05-01-2017,3.4974
06-01-2017,3.541
09-01-2017,3.5864
10-01-2017,3.6509
11-01-2017,3.7281
12-01-2017,3.7981
13-01-2017,3.8267
16-01-2017,3.7832
17-01-2017,3.733
18-01-2017,3.7814
19-01-2017,3.7823
20-01-2017,3.7859
23-01-2017,3.8078
24-01-2017,3.7862
25-01-2017,3.7694
26-01-2017,3.8189
27-01-2017,3.8542
30-01-2017,3.8905
31-01-2017,3.8517
01-02-2017,3.8224
02-02-2017,3.8284
03-02-2017,3.79
06-02-2017,3.7763
07-02-2017,3.7141
08-02-2017,3.7311
09-02-2017,3.7601
10-02-2017,3.7332
13-02-2017,3.6811
14-02-2017,3.6912
15-02-2017,3.6487
16-02-2017,3.6321
17-02-2017,3.6765
20-02-2017,3.6848
21-02-2017,3.6248
22-02-2017,3.606
23-02-2017,3.5806
24-02-2017,3.5532
27-02-2017,3.5638
28-02-2017,3.5777
01-03-2017,3.6012
02-03-2017,3.6129
03-03-2017,3.657
06-03-2017,3.6905
07-03-2017,3.6927
08-03-2017,3.6512
09-03-2017,3.6695
10-03-2017,3.7121
13-03-2017,3.7159
14-03-2017,3.7221
15-03-2017,3.7298
16-03-2017,3.713
17-03-2017,3.6895
20-03-2017,3.6351
21-03-2017,3.6504
22-03-2017,3.6392
23-03-2017,3.6658
24-03-2017,3.6538
27-03-2017,3.6603
28-03-2017,3.6629
29-03-2017,3.6851
30-03-2017,3.678
31-03-2017,3.6671
03-04-2017,3.6488
04-04-2017,3.6436
05-04-2017,3.6483
06-04-2017,3.6826
07-04-2017,3.7071
10-04-2017,3.7147
11-04-2017,3.7062
12-04-2017,3.7027
13-04-2017,3.6653
14-04-2017,3.6561
17-04-2017,3.6778
18-04-2017,3.6586
19-04-2017,3.6896
20-04-2017,3.6889
21-04-2017,3.6685
24-04-2017,3.6608
25-04-2017,3.6249
26-04-2017,3.6158
27-04-2017,3.6196
28-04-2017,3.5966
02-05-2017,3.5936
03-05-2017,3.5683
04-05-2017,3.5799
05-05-2017,3.583
08-05-2017,3.6153
09-05-2017,3.5897
10-05-2017,3.6023
11-05-2017,3.5897
12-05-2017,3.5602
15-05-2017,3.5726
16-05-2017,3.5738
17-05-2017,3.5895
18-05-2017,3.628
22-05-2017,3.7038
23-05-2017,3.6741
24-05-2017,3.6828
25-05-2017,3.666
26-05-2017,3.6759
29-05-2017,3.6848
30-05-2017,3.6851
31-05-2017,3.6612
01-06-2017,3.6455
02-06-2017,3.6571
05-06-2017,3.6474
06-06-2017,3.6502
07-06-2017,3.6771
08-06-2017,3.6609
09-06-2017,3.68
12-06-2017,3.6413
13-06-2017,3.6512
14-06-2017,3.6496
15-06-2017,3.6394
16-06-2017,3.6138
19-06-2017,3.6201
20-06-2017,3.6187
21-06-2017,3.6302
22-06-2017,3.643
23-06-2017,3.6301
28-06-2017,3.6197
29-06-2017,3.6822
30-06-2017,3.6758
03-07-2017,3.6848
04-07-2017,3.6899
05-07-2017,3.696
06-07-2017,3.7199
07-07-2017,3.7689
10-07-2017,3.7883
11-07-2017,3.7485
12-07-2017,3.7654
13-07-2017,3.7554
14-07-2017,3.7135
17-07-2017,3.691
18-07-2017,3.6873
19-07-2017,3.7033
20-07-2017,3.7106
21-07-2017,3.7019
24-07-2017,3.7302
25-07-2017,3.7615
26-07-2017,3.7708
27-07-2017,3.7357
28-07-2017,3.7024
31-07-2017,3.6537
01-08-2017,3.6498
02-08-2017,3.655
03-08-2017,3.6623
04-08-2017,3.6655
07-08-2017,3.6603
08-08-2017,3.6435
09-08-2017,3.641
10-08-2017,3.6819
11-08-2017,3.6729
14-08-2017,3.6989
15-08-2017,3.6613
16-08-2017,3.6423
17-08-2017,3.6391
18-08-2017,3.6556
21-08-2017,3.6762
22-08-2017,3.6465
23-08-2017,3.6365
24-08-2017,3.6255
25-08-2017,3.6187
28-08-2017,3.6229
29-08-2017,3.625
31-08-2017,3.651
05-09-2017,3.651
06-09-2017,3.6007
07-09-2017,3.617
08-09-2017,3.6019
11-09-2017,3.6144
12-09-2017,3.5919
13-09-2017,3.5942
14-09-2017,3.593
15-09-2017,3.5891
18-09-2017,3.5841
19-09-2017,3.613
20-09-2017,3.6435
21-09-2017,3.6322
22-09-2017,3.6218
25-09-2017,3.6131
26-09-2017,3.6295
27-09-2017,3.6564
28-09-2017,3.6755
29-09-2017,3.684
02-10-2017,3.6763
03-10-2017,3.6975
04-10-2017,3.6824
05-10-2017,3.6783
06-10-2017,3.672
09-10-2017,3.6939
10-10-2017,3.7929
11-10-2017,3.782
12-10-2017,3.7866
13-10-2017,3.7582
16-10-2017,3.7554
17-10-2017,3.7467
18-10-2017,3.7534
19-10-2017,3.7633
20-10-2017,3.7588
23-10-2017,3.7437
24-10-2017,3.7654
25-10-2017,3.7778
26-10-2017,3.7761
27-10-2017,3.8182
30-10-2017,3.8323
31-10-2017,3.7937
01-11-2017,3.8025
02-11-2017,3.8244
03-11-2017,3.8245
06-11-2017,3.8387
07-11-2017,3.8686
08-11-2017,3.8692
09-11-2017,3.9016
10-11-2017,3.8734
13-11-2017,3.9038
14-11-2017,3.8958
15-11-2017,3.9001
16-11-2017,3.952
17-11-2017,3.9191
20-11-2017,3.9273
21-11-2017,3.9445
22-11-2017,3.9956
23-11-2017,4.0181
24-11-2017,4.008
27-11-2017,4.0269
28-11-2017,4.0235
29-11-2017,4.0081
30-11-2017,4.0315
01-12-2017,4.0126
04-12-2017,4.016
05-12-2017,4.0014
06-12-2017,3.9354
07-12-2017,3.9156
08-12-2017,3.9107
11-12-2017,3.8833
12-12-2017,3.8779
13-12-2017,3.8792
14-12-2017,3.8879
15-12-2017,3.899
18-12-2017,3.9207
19-12-2017,3.9099
20-12-2017,3.9093
21-12-2017,3.9021
22-12-2017,3.8893
25-12-2017,3.8678
26-12-2017,3.8688
27-12-2017,3.8576
28-12-2017,3.8766
29-12-2017,3.9011
02-01-2018,3.8796
03-01-2018,3.8883
04-01-2018,3.8799
05-01-2018,3.867
08-01-2018,3.8512
09-01-2018,3.8486
10-01-2018,3.8426
11-01-2018,3.8731
12-01-2018,3.8858
15-01-2018,3.8822
16-01-2018,3.9155
17-01-2018,3.9708
18-01-2018,3.9754
19-01-2018,3.9619
22-01-2018,3.9666
23-01-2018,3.9816
24-01-2018,3.9513
25-01-2018,3.9584
26-01-2018,3.9881
29-01-2018,4.012
30-01-2018,4.0439
31-01-2018,4.0576
01-02-2018,4.0437
02-02-2018,4.0448
05-02-2018,4.0507
06-02-2018,4.0604
07-02-2018,4.0629
08-02-2018,4.04
09-02-2018,4.0448
12-02-2018,4.08
13-02-2018,4.0754
14-02-2018,4.0779
15-02-2018,4.0841
16-02-2018,4.0929
19-02-2018,4.0909
20-02-2018,4.0619
21-02-2018,4.0555
22-02-2018,4.0552
23-02-2018,4.0638
26-02-2018,4.0627
27-02-2018,4.0592
28-02-2018,4.0547
01-03-2018,4.0512
02-03-2018,4.0448
05-03-2018,4.0725
06-03-2018,4.0901
07-03-2018,4.0588
08-03-2018,4.0627
09-03-2018,4.0486
12-03-2018,4.0297
13-03-2018,4.0336
14-03-2018,4.0841
15-03-2018,4.101
16-03-2018,4.1282
19-03-2018,4.1283
20-03-2018,4.1445
21-03-2018,4.1511
22-03-2018,4.1339
23-03-2018,4.1421
26-03-2018,4.2001
27-03-2018,4.2153
28-03-2018,4.2187
29-03-2018,4.2198
30-03-2018,4.1913
02-04-2018,4.1592
03-04-2018,4.1678
04-04-2018,4.1795
05-04-2018,4.1993
06-04-2018,4.2061
09-04-2018,4.224
10-04-2018,4.2433
11-04-2018,4.2768
12-04-2018,4.3456
13-04-2018,4.3119
16-04-2018,4.2562
17-04-2018,4.2803
18-04-2018,4.2814
19-04-2018,4.248
20-04-2018,4.1761
24-04-2018,4.163
25-04-2018,4.1933
26-04-2018,4.1656
27-04-2018,4.1502
30-04-2018,4.1073
02-05-2018,4.1013
03-05-2018,4.157
04-05-2018,4.2204
07-05-2018,4.2783
08-05-2018,4.2585
09-05-2018,4.2873
10-05-2018,4.2945
11-05-2018,4.2691
14-05-2018,4.2685
15-05-2018,4.3425
16-05-2018,4.4091
17-05-2018,4.4764
18-05-2018,4.4527
21-05-2018,4.4848
22-05-2018,4.5741
23-05-2018,4.615
24-05-2018,4.9101
25-05-2018,4.7609
28-05-2018,4.7757
29-05-2018,4.6498
30-05-2018,4.6391
31-05-2018,4.5441
01-06-2018,4.5604
04-06-2018,4.6723
05-06-2018,4.7159
06-06-2018,4.6901
07-06-2018,4.6917
08-06-2018,4.65
11-06-2018,4.6007
12-06-2018,4.5945
13-06-2018,4.6384
14-06-2018,4.723
18-06-2018,4.723
19-06-2018,4.7509
20-06-2018,4.7972
21-06-2018,4.7838
22-06-2018,4.7879
25-06-2018,4.7757
26-06-2018,4.7162
27-06-2018,4.7466
28-06-2018,4.6952
29-06-2018,4.6391
02-07-2018,4.6084
03-07-2018,4.6764
04-07-2018,4.7078
05-07-2018,4.7536
06-07-2018,4.6981
09-07-2018,4.654
10-07-2018,4.6068
11-07-2018,4.7561
12-07-2018,4.801
13-07-2018,4.8513
16-07-2018,4.8403
17-07-2018,4.8575
18-07-2018,4.8819
19-07-2018,4.8035
20-07-2018,4.8357
23-07-2018,4.8271
24-07-2018,4.814
25-07-2018,4.8274
26-07-2018,4.9126
27-07-2018,4.8743
30-07-2018,4.894
31-07-2018,4.9379
01-08-2018,4.9802
02-08-2018,4.9835
03-08-2018,5.1017
06-08-2018,5.1223
07-08-2018,5.1876
08-08-2018,5.3113
09-08-2018,5.3263
10-08-2018,5.4545
13-08-2018,5.9961
14-08-2018,6.9447
15-08-2018,6.6278
16-08-2018,6.1781
17-08-2018,5.8609
20-08-2018,6.0417
27-08-2018,6.0417
28-08-2018,6.3204
29-08-2018,6.3885
31-08-2018,6.5845
03-09-2018,6.8003
04-09-2018,6.8537
05-09-2018,6.8919
06-09-2018,6.885
07-09-2018,6.8187
10-09-2018,6.7288
11-09-2018,6.6667
12-09-2018,6.6508
13-09-2018,6.5931
14-09-2018,6.581
17-09-2018,6.3153
18-09-2018,6.5147
19-09-2018,6.6462
20-09-2018,6.5565
21-09-2018,6.5227
24-09-2018,6.5776
25-09-2018,6.5189
26-09-2018,6.3655
27-09-2018,6.3619
28-09-2018,6.291
01-10-2018,6.1604
02-10-2018,6.0939
03-10-2018,6.131
04-10-2018,6.1362
05-10-2018,6.2025
08-10-2018,6.2188
09-10-2018,6.2245
10-10-2018,6.176
11-10-2018,6.162
12-10-2018,6.0789
15-10-2018,5.9856
16-10-2018,5.9067
17-10-2018,5.8739
18-10-2018,5.7515
19-10-2018,5.6088
22-10-2018,5.6584
23-10-2018,5.6903
24-10-2018,5.8225
25-10-2018,5.7591
26-10-2018,5.7129
30-10-2018,5.6384
31-10-2018,5.5292
01-11-2018,5.492
02-11-2018,5.5705
05-11-2018,5.4861
06-11-2018,5.443
07-11-2018,5.3416
08-11-2018,5.3895
09-11-2018,5.4194
12-11-2018,5.4648
13-11-2018,5.4479
14-11-2018,5.4428
15-11-2018,5.4381
16-11-2018,5.4086
19-11-2018,5.3259
20-11-2018,5.355
21-11-2018,5.3886
22-11-2018,5.4009
23-11-2018,5.3569
26-11-2018,5.3219
27-11-2018,5.2833
28-11-2018,5.2603
29-11-2018,5.2745
30-11-2018,5.2166
03-12-2018,5.1957
04-12-2018,5.2232
05-12-2018,5.3194
06-12-2018,5.402
07-12-2018,5.3946
10-12-2018,5.3846
11-12-2018,5.3597
12-12-2018,5.4384
13-12-2018,5.4194
14-12-2018,5.4249
17-12-2018,5.4149
18-12-2018,5.4198
19-12-2018,5.4157
20-12-2018,5.3931
21-12-2018,5.3367
24-12-2018,5.3581
25-12-2018,5.3458
26-12-2018,5.3978
27-12-2018,5.3663
28-12-2018,5.3547
31-12-2018,5.3694
02-01-2019,5.3839
03-01-2019,5.4476
04-01-2019,5.5535
07-01-2019,5.5031
08-01-2019,5.4732
09-01-2019,5.5567
10-01-2019,5.6293
11-01-2019,5.6218
14-01-2019,5.5432
15-01-2019,5.6306
16-01-2019,5.5515
17-01-2019,5.4874
18-01-2019,5.4224
21-01-2019,5.3974
22-01-2019,5.378
23-01-2019,5.3828
24-01-2019,5.3472
25-01-2019,5.3236
28-01-2019,5.3069
29-01-2019,5.3396
30-01-2019,5.3983
31-01-2019,5.3193
01-02-2019,5.2684
04-02-2019,5.2483
05-02-2019,5.2563
06-02-2019,5.2191
07-02-2019,5.2282
08-02-2019,5.2499
11-02-2019,5.256
12-02-2019,5.2676
13-02-2019,5.2522
14-02-2019,5.2347
15-02-2019,5.2634
18-02-2019,5.2497
19-02-2019,5.2951
20-02-2019,5.3015
21-02-2019,5.3115
22-02-2019,5.3288
25-02-2019,5.3354
26-02-2019,5.332
27-02-2019,5.3147
28-02-2019,5.3237
01-03-2019,5.3603
04-03-2019,5.3704
05-03-2019,5.396
06-03-2019,5.386
07-03-2019,5.375
08-03-2019,5.4285
11-03-2019,5.424
12-03-2019,5.411
13-03-2019,5.4072
14-03-2019,5.4379
15-03-2019,5.4603
18-03-2019,5.4601
19-03-2019,5.4724
20-03-2019,5.4865
21-03-2019,5.4942
22-03-2019,5.5007
25-03-2019,5.5814
26-03-2019,5.7031
27-03-2019,5.5547
28-03-2019,5.3832
29-03-2019,5.5895
01-04-2019,5.6755
02-04-2019,5.651
03-04-2019,5.5825
04-04-2019,5.647
05-04-2019,5.6611
08-04-2019,5.6143
09-04-2019,5.6915
10-04-2019,5.6864
11-04-2019,5.6931
12-04-2019,5.7239
15-04-2019,5.7979
16-04-2019,5.7957
17-04-2019,5.7843
18-04-2019,5.7197
19-04-2019,5.771
22-04-2019,5.7379
24-04-2019,5.7645
25-04-2019,5.7759
26-04-2019,5.793
29-04-2019,5.8263
30-04-2019,5.8381
02-05-2019,5.8708
03-05-2019,5.8702
06-05-2019,5.865
07-05-2019,5.9118
08-05-2019,6.0597
09-05-2019,6.0781
10-05-2019,6.1157
13-05-2019,6.0537
14-05-2019,6.0529
15-05-2019,6.0233
16-05-2019,6.0335
17-05-2019,5.9738
20-05-2019,6.0109
21-05-2019,6.0052
22-05-2019,6.0046
23-05-2019,6.0399
24-05-2019,6.0963
27-05-2019,6.0744
28-05-2019,6.0409
29-05-2019,6.0379
30-05-2019,6.0042
31-05-2019,5.8947
03-06-2019,5.8539
07-06-2019,5.8539
10-06-2019,5.8958
11-06-2019,5.8844
12-06-2019,5.8545
13-06-2019,5.8697
14-06-2019,5.8894
17-06-2019,5.9382
18-06-2019,5.9005
19-06-2019,5.8723
20-06-2019,5.8858
21-06-2019,5.8299
24-06-2019,5.9184
25-06-2019,5.9094
26-06-2019,5.9607
27-06-2019,5.9261
28-06-2019,5.9174
01-07-2019,5.9272
02-07-2019,5.801
03-07-2019,5.7604
04-07-2019,5.7359
05-07-2019,5.6954
08-07-2019,5.6958
09-07-2019,5.7964
10-07-2019,5.7682
11-07-2019,5.8088
12-07-2019,5.77
16-07-2019,5.7906
17-07-2019,5.8129
18-07-2019,5.778
19-07-2019,5.7949
22-07-2019,5.7522
23-07-2019,5.7957
24-07-2019,5.7944
25-07-2019,5.8193
26-07-2019,5.8014
29-07-2019,5.7259
30-07-2019,5.6946
31-07-2019,5.6468
01-08-2019,5.5991
02-08-2019,5.6285
05-08-2019,5.6832
06-08-2019,5.7157
07-08-2019,5.6978
08-08-2019,5.6339
09-08-2019,5.6355
15-08-2019,5.6513
16-08-2019,5.7431
19-08-2019,5.6779
20-08-2019,5.7207
21-08-2019,5.8457
22-08-2019,5.852
23-08-2019,5.8723
26-08-2019,5.8554
27-08-2019,5.955
28-08-2019,5.9713
29-08-2019,5.9318
02-09-2019,5.9419
03-09-2019,5.8807
04-09-2019,5.8502
05-09-2019,5.7708
06-09-2019,5.7977
09-09-2019,5.7787
10-09-2019,5.8024
11-09-2019,5.8319
12-09-2019,5.8339
13-09-2019,5.8013
16-09-2019,5.7643
17-09-2019,5.793
18-09-2019,5.7809
19-09-2019,5.7298
20-09-2019,5.7593
23-09-2019,5.7626
24-09-2019,5.7938
25-09-2019,5.7559
26-09-2019,5.7909
27-09-2019,5.7261
30-09-2019,5.7222
01-10-2019,5.7025
02-10-2019,5.6948
03-10-2019,5.7581
04-10-2019,5.7047
07-10-2019,5.7353
08-10-2019,5.7907
09-10-2019,5.8844
10-10-2019,5.888
11-10-2019,5.9398
14-10-2019,5.8782
15-10-2019,5.9582
16-10-2019,5.9241
17-10-2019,5.9303
18-10-2019,5.9503
21-10-2019,5.8639
22-10-2019,5.924
23-10-2019,5.925
24-10-2019,5.8548
25-10-2019,5.8209
28-10-2019,5.8305
30-10-2019,5.8305
31-10-2019,5.8043
01-11-2019,5.8048
04-11-2019,5.8214
05-11-2019,5.7805
06-11-2019,5.8094
07-11-2019,5.8127
08-11-2019,5.8037
11-11-2019,5.7909
12-11-2019,5.8195
13-11-2019,5.8199
14-11-2019,5.836
15-11-2019,5.847
18-11-2019,5.8317
19-11-2019,5.8116
20-11-2019,5.792
21-11-2019,5.7709
22-11-2019,5.7658
25-11-2019,5.7506
26-11-2019,5.7579
27-11-2019,5.7768
28-11-2019,5.7883
29-11-2019,5.7879
02-12-2019,5.7676
03-12-2019,5.7688
04-12-2019,5.8169
05-12-2019,5.8315
06-12-2019,5.8391
09-12-2019,5.8421
10-12-2019,5.8719
11-12-2019,5.9016
12-12-2019,5.9113
13-12-2019,5.9153
16-12-2019,5.8953
17-12-2019,5.9569
18-12-2019,5.9823
19-12-2019,6.0393
20-12-2019,6.0682
23-12-2019,6.0574
24-12-2019,6.0692
25-12-2019,6.067
26-12-2019,6.0687
27-12-2019,6.07
30-12-2019,6.097
31-12-2019,6.1323
02-01-2020,6.1622
03-01-2020,6.1572
06-01-2020,6.1572
07-01-2020,6.1757
08-01-2020,6.1671
09-01-2020,6.1582
10-01-2020,6.0619
13-01-2020,6.0505
14-01-2020,6.0409
15-01-2020,6.0921
16-01-2020,6.1117
17-01-2020,6.1155
20-01-2020,6.089
21-01-2020,6.1142
22-01-2020,6.1413
23-01-2020,6.129
24-01-2020,6.1319
27-01-2020,6.1352
28-01-2020,6.144
29-01-2020,6.1419
30-01-2020,6.1218
31-01-2020,6.1728
03-02-2020,6.1821
04-02-2020,6.2209
05-02-2020,6.192
06-02-2020,6.1809
07-02-2020,6.1613
10-02-2020,6.1505
11-02-2020,6.1574
12-02-2020,6.1899
13-02-2020,6.1989
14-02-2020,6.2116
17-02-2020,6.1909
18-02-2020,6.1719
19-02-2020,6.2025
20-02-2020,6.1851
21-02-2020,6.2113
24-02-2020,6.2387
25-02-2020,6.2849
26-02-2020,6.2826
27-02-2020,6.33
28-02-2020,6.3623
02-03-2020,6.476
03-03-2020,6.4903
04-03-2020,6.491
05-03-2020,6.3964
06-03-2020,6.3926
09-03-2020,6.4965
10-03-2020,6.6173
11-03-2020,6.5809
12-03-2020,6.6015
13-03-2020,6.6742
16-03-2020,6.6618
17-03-2020,6.7707
18-03-2020,6.7959
19-03-2020,6.7442
20-03-2020,6.7132
23-03-2020,6.641
24-03-2020,6.7051
25-03-2020,6.6844
26-03-2020,6.5557
27-03-2020,6.6663
30-03-2020,6.7111
31-03-2020,6.8449
01-04-2020,6.8399
02-04-2020,6.9114
03-04-2020,6.923
06-04-2020,6.8808
07-04-2020,6.9378
08-04-2020,6.952
09-04-2020,6.9957
10-04-2020,6.9674
13-04-2020,6.9557
14-04-2020,7.032
15-04-2020,7.0565
16-04-2020,7.1341
17-04-2020,7.1737
20-04-2020,7.152
21-04-2020,7.1673
22-04-2020,7.1999
24-04-2020,7.225
27-04-2020,7.1506
28-04-2020,7.1911
29-04-2020,7.192
30-04-2020,7.1996
04-05-2020,7.2049
05-05-2020,7.3065
06-05-2020,7.3097
07-05-2020,7.3543
08-05-2020,7.4321
11-05-2020,7.333
12-05-2020,7.3004
13-05-2020,7.2486
14-05-2020,7.2273
15-05-2020,7.1739
18-05-2020,7.124
20-05-2020,7.0846
21-05-2020,7.0426
22-05-2020,7.0547
27-05-2020,7.0183
28-05-2020,7.003
29-05-2020,7.0307
01-06-2020,7.1107
02-06-2020,7.1157
03-06-2020,7.0864
04-06-2020,7.0187
05-06-2020,7.055
08-06-2020,7.0887
09-06-2020,7.0625
10-06-2020,7.1302
11-06-2020,7.1874
12-06-2020,7.2305
15-06-2020,7.2339
16-06-2020,7.1963
17-06-2020,7.2299
18-06-2020,7.223
19-06-2020,7.24
22-06-2020,7.2302
23-06-2020,7.2294
24-06-2020,7.2685
25-06-2020,7.2734
26-06-2020,7.2404
29-06-2020,7.2474
30-06-2020,7.2625
01-07-2020,7.2194
02-07-2020,7.2527
03-07-2020,7.2794
06-07-2020,7.2596
07-07-2020,7.2993
08-07-2020,7.2912
09-07-2020,7.3067
10-07-2020,7.3367
13-07-2020,7.3041
14-07-2020,7.3095
16-07-2020,7.3194
17-07-2020,7.271
20-07-2020,7.2877
21-07-2020,7.3183
22-07-2020,7.323
23-07-2020,7.3589
24-07-2020,7.3989
27-07-2020,7.4214
28-07-2020,7.4623
29-07-2020,7.5135
30-07-2020,7.6006
04-08-2020,7.6006
05-08-2020,7.6031
06-08-2020,7.7086
07-08-2020,7.9138
10-08-2020,7.9891
11-08-2020,8.001
12-08-2020,7.9666
13-08-2020,7.9946
14-08-2020,8.0707
17-08-2020,8.0986
18-08-2020,8.1514
19-08-2020,8.1732
20-08-2020,8.1665
21-08-2020,8.0304
24-08-2020,7.96
25-08-2020,8.0955
26-08-2020,8.1292
27-08-2020,8.1051
28-08-2020,8.0861
31-08-2020,8.1138
01-09-2020,8.1397
02-09-2020,8.1636
03-09-2020,8.1038
04-09-2020,8.1458
07-09-2020,8.1746
08-09-2020,8.1702
09-09-2020,8.1535
10-09-2020,8.1652
11-09-2020,8.232
14-09-2020,8.2153
15-09-2020,8.2605
16-09-2020,8.2728
17-09-2020,8.2705
18-09-2020,8.2817
21-09-2020,8.3251
22-09-2020,8.3309
23-09-2020,8.3605
24-09-2020,8.354
25-09-2020,8.3186
28-09-2020,8.1836
29-09-2020,8.3924
30-09-2020,8.4955
01-10-2020,8.4385
02-10-2020,8.4123
05-10-2020,8.4321
06-10-2020,8.4657
07-10-2020,8.5027
08-10-2020,8.5698
09-10-2020,8.6388
12-10-2020,8.6898
13-10-2020,8.6717
14-10-2020,8.6864
15-10-2020,8.6974
16-10-2020,8.6901
19-10-2020,8.6856
20-10-2020,8.6653
21-10-2020,8.7024
22-10-2020,8.6823
23-10-2020,8.6396
26-10-2020,8.8038
27-10-2020,8.8955
28-10-2020,8.9788
30-10-2020,8.9788
02-11-2020,9.1105
03-11-2020,9.1669
04-11-2020,9.2636
05-11-2020,9.2819
06-11-2020,9.3262
09-11-2020,9.4191
10-11-2020,9.1245
11-11-2020,9.0413
12-11-2020,8.8128
13-11-2020,8.5447
16-11-2020,8.3767
17-11-2020,8.4532
18-11-2020,8.5304
19-11-2020,8.5146
20-11-2020,8.441
23-11-2020,8.3547
24-11-2020,8.5644
25-11-2020,8.7181
26-11-2020,8.7448
27-11-2020,8.7283
30-11-2020,8.6354
01-12-2020,8.6614
02-12-2020,8.6865
03-12-2020,8.7088
04-12-2020,8.8185
07-12-2020,8.7696
08-12-2020,8.8217
09-12-2020,8.8073
10-12-2020,8.8413
11-12-2020,8.8644
14-12-2020,8.9768
15-12-2020,8.9103
16-12-2020,8.8721
17-12-2020,8.8464
18-12-2020,8.8103
21-12-2020,8.7321
22-12-2020,8.6816
23-12-2020,8.6508
24-12-2020,8.62
25-12-2020,8.6133
28-12-2020,8.5256
29-12-2020,8.4341
30-12-2020,8.3907
31-12-2020,8.3373
04-01-2021,8.4556
05-01-2021,8.3887
06-01-2021,8.4263
07-01-2021,8.3953
08-01-2021,8.2809
11-01-2021,8.3296
12-01-2021,8.4086
13-01-2021,8.4163
14-01-2021,8.4065
15-01-2021,8.3559
18-01-2021,8.3551
19-01-2021,8.4443
20-01-2021,8.4132
21-01-2021,8.4043
22-01-2021,8.3508
25-01-2021,8.3942
26-01-2021,8.363
27-01-2021,8.3389
28-01-2021,8.3204
29-01-2021,8.3191
01-02-2021,8.2695
02-02-2021,8.1067
03-02-2021,7.99
04-02-2021,7.9886
05-02-2021,7.9426
08-02-2021,7.8694
09-02-2021,7.8803
10-02-2021,7.9492
11-02-2021,7.946
12-02-2021,7.9406
15-02-2021,7.8997
16-02-2021,7.8578
17-02-2021,7.8147
18-02-2021,7.8605
19-02-2021,7.7775
22-02-2021,7.8136
23-02-2021,7.8083
24-02-2021,7.8499
25-02-2021,7.9
26-02-2021,7.9742
01-03-2021,8.1779
02-03-2021,8.0479
03-03-2021,8.0007
04-03-2021,8.0448
05-03-2021,8.114
08-03-2021,8.114
09-03-2021,8.1681
10-03-2021,8.2201
11-03-2021,8.202
12-03-2021,8.0663
15-03-2021,8.1757
16-03-2021,8.141
17-03-2021,8.1297
18-03-2021,8.1237
19-03-2021,8.0938
22-03-2021,7.8668
23-03-2021,8.555
24-03-2021,8.4461
25-03-2021,8.552
26-03-2021,8.5177
29-03-2021,8.5291
30-03-2021,8.6813
31-03-2021,8.8757
01-04-2021,8.867
02-04-2021,8.6735
05-04-2021,8.5733
06-04-2021,8.6668
07-04-2021,8.7174
08-04-2021,8.8252
09-04-2021,8.8177
12-04-2021,8.8268
13-04-2021,8.8695
14-04-2021,8.834
15-04-2021,8.8015
16-04-2021,8.7647
19-04-2021,8.7987
20-04-2021,8.8328
21-04-2021,8.8898
22-04-2021,8.9111
26-04-2021,9.0693
27-04-2021,9.1465
28-04-2021,9.033
29-04-2021,8.9743
30-04-2021,9.0217
03-05-2021,9.0892
04-05-2021,9.1207
05-05-2021,9.1215
06-05-2021,9.1545
07-05-2021,9.1617
10-05-2021,9.1473
11-05-2021,9.1966
12-05-2021,9.2224
17-05-2021,9.2224
18-05-2021,9.2976
20-05-2021,9.3118
21-05-2021,9.3211
24-05-2021,9.3519
25-05-2021,9.3731
26-05-2021,9.4221
27-05-2021,9.4616
28-05-2021,9.4272
31-05-2021,9.546
01-06-2021,9.4814
02-06-2021,9.4997
03-06-2021,9.5997
04-06-2021,9.6212
07-06-2021,9.6378
08-06-2021,9.6224
09-06-2021,9.6128
10-06-2021,9.6094
11-06-2021,9.5583
14-06-2021,9.3661
15-06-2021,9.3143
16-06-2021,9.552
17-06-2021,9.5215
18-06-2021,9.4801
21-06-2021,9.4711
22-06-2021,9.5367
23-06-2021,9.516
24-06-2021,9.4187
25-06-2021,9.4614
28-06-2021,9.5008
29-06-2021,9.5345
30-06-2021,9.4944
01-07-2021,9.4497
02-07-2021,9.4125
05-07-2021,9.4093
06-07-2021,9.4425
07-07-2021,9.4171
08-07-2021,9.4234
09-07-2021,9.4895
12-07-2021,9.5135
13-07-2021,9.4685
14-07-2021,9.4318
16-07-2021,9.4117
19-07-2021,9.2944
26-07-2021,9.2944
27-07-2021,9.3753
28-07-2021,9.3728
29-07-2021,9.3799
30-07-2021,9.3896
02-08-2021,9.3286
03-08-2021,9.3009
04-08-2021,9.2443
05-08-2021,9.346
06-08-2021,9.4468
09-08-2021,9.4691
10-08-2021,9.4704
11-08-2021,9.3947
12-08-2021,9.3763
13-08-2021,9.3365
16-08-2021,9.2924
17-08-2021,9.2991
18-08-2021,9.2717
19-08-2021,9.2957
20-08-2021,9.3224
23-08-2021,9.3337
24-08-2021,9.2717
25-08-2021,9.2529
26-08-2021,9.2066
27-08-2021,9.1579
31-08-2021,9.1666
01-09-2021,9.1199
02-09-2021,9.0711
03-09-2021,9.0642
06-09-2021,9.1077
07-09-2021,9.0744
08-09-2021,9.1134
09-09-2021,9.1705
10-09-2021,9.2471
13-09-2021,9.2072
14-09-2021,9.1973
15-09-2021,9.1853
16-09-2021,9.218
17-09-2021,9.1764
20-09-2021,9.2791
21-09-2021,9.3408
22-09-2021,9.3626
23-09-2021,9.3966
24-09-2021,9.4007
27-09-2021,9.5896
28-09-2021,9.5635
29-09-2021,9.5841
30-09-2021,9.5555
01-10-2021,9.5364
04-10-2021,9.5348
05-10-2021,9.5707
06-10-2021,9.5831
07-10-2021,9.6174
08-10-2021,9.6021
11-10-2021,9.6124
12-10-2021,9.6815
13-10-2021,9.7419
14-10-2021,9.7592
15-10-2021,9.9704
18-10-2021,10.0033
19-10-2021,10.0517
20-10-2021,10.1387
21-10-2021,10.1201
22-10-2021,10.143
25-10-2021,10.4962
26-10-2021,10.6482
27-10-2021,10.3158
28-10-2021,10.3629
01-11-2021,10.3629
02-11-2021,10.4511
03-11-2021,10.4865
04-11-2021,10.6288
05-11-2021,10.6509
08-11-2021,10.6492
09-11-2021,10.6338
10-11-2021,10.6694
11-11-2021,10.7588
12-11-2021,10.8255
15-11-2021,10.7906
16-11-2021,10.892
17-11-2021,11.0186
18-11-2021,11.2151
19-11-2021,11.581
22-11-2021,11.9479
23-11-2021,12.0771
24-11-2021,13.1003
25-11-2021,13.5421
26-11-2021,12.907
29-11-2021,13.0716
30-11-2021,13.7336
01-12-2021,14.1303
02-12-2021,14.5565
03-12-2021,14.6235
06-12-2021,14.9202
07-12-2021,15.0014
08-12-2021,14.8458
09-12-2021,14.8031
10-12-2021,14.9748
13-12-2021,15.029
14-12-2021,15.4856
15-12-2021,15.4507
16-12-2021,15.8975
17-12-2021,16.5297
20-12-2021,17.8524
21-12-2021,18.9946
22-12-2021,14.1947
23-12-2021,13.5294
24-12-2021,12.4969
27-12-2021,12.8356
28-12-2021,12.4423
29-12-2021,12.9549
30-12-2021,13.3622
31-12-2021,14.2114
03-01-2022,14.6537
04-01-2022,14.7626
05-01-2022,14.4188
06-01-2022,14.6639
07-01-2022,14.9006
10-01-2022,14.9895
11-01-2022,14.9547
12-01-2022,14.8904
13-01-2022,14.9159
14-01-2022,14.8906
17-01-2022,14.8892
18-01-2022,14.8115
19-01-2022,14.8297
20-01-2022,14.8778
21-01-2022,14.7486
24-01-2022,14.7308
25-01-2022,14.7281
26-01-2022,14.7615
27-01-2022,14.738
28-01-2022,14.7213
31-01-2022,14.6702
01-02-2022,14.4338
02-02-2022,14.5388
03-02-2022,14.6543
04-02-2022,14.7681
07-02-2022,14.7428
08-02-2022,14.7069
09-02-2022,14.7974
10-02-2022,14.746
11-02-2022,14.7074
14-02-2022,14.6076
15-02-2022,14.7015
16-02-2022,14.7756
17-02-2022,14.7828
18-02-2022,14.8215
21-02-2022,14.842
22-02-2022,14.8807
23-02-2022,15.035
24-02-2022,15.0384
25-02-2022,15.5145
28-02-2022,15.2355
01-03-2022,15.0318
02-03-2022,15.1983
03-03-2022,15.3405
04-03-2022,15.4069
07-03-2022,15.496
08-03-2022,15.5551
09-03-2022,15.6792
10-03-2022,15.7987
11-03-2022,15.9724
14-03-2022,16.0724
15-03-2022,15.8503
16-03-2022,15.7734
17-03-2022,15.6719
18-03-2022,15.6669
21-03-2022,15.8425
22-03-2022,15.9649
23-03-2022,15.8923
24-03-2022,15.9048
25-03-2022,15.9593
28-03-2022,16.0413
29-03-2022,15.9103
30-03-2022,15.8784
31-03-2022,15.8683
01-04-2022,15.8969
04-04-2022,15.9342
05-04-2022,15.9139
06-04-2022,15.9411
07-04-2022,15.8357
08-04-2022,15.8523
11-04-2022,15.8107
12-04-2022,15.8102
13-04-2022,15.7826
14-04-2022,15.669
15-04-2022,15.6733
18-04-2022,15.5778
19-04-2022,15.5627
20-04-2022,15.5289
21-04-2022,15.4995
22-04-2022,15.5308
25-04-2022,15.4638
26-04-2022,15.4516
27-04-2022,15.4635
28-04-2022,15.3979
29-04-2022,15.2757
05-05-2022,15.3066
06-05-2022,15.2312
09-05-2022,15.1818
10-05-2022,15.1426
11-05-2022,15.3434
12-05-2022,15.498
13-05-2022,15.4789
16-05-2022,15.4912
17-05-2022,15.5577
18-05-2022,15.909
20-05-2022,16.0381
23-05-2022,16.4495
24-05-2022,16.4285
25-05-2022,16.7465
26-05-2022,16.9618
27-05-2022,17.1208
30-05-2022,17.1138
31-05-2022,17.1465
01-06-2022,17.1353
02-06-2022,17.1432
03-06-2022,17.1983
06-06-2022,17.26
07-06-2022,17.2948
08-06-2022,17.1925
09-06-2022,17.5717
10-06-2022,17.6544
13-06-2022,17.4735
14-06-2022,17.4359
15-06-2022,17.4355
16-06-2022,17.3577
17-06-2022,17.655
20-06-2022,17.9883
21-06-2022,18.0142
22-06-2022,18.0
23-06-2022,18.0033
24-06-2022,18.0454
27-06-2022,18.1694
28-06-2022,17.4468
29-06-2022,17.4677
30-06-2022,17.5416
01-07-2022,17.4813
04-07-2022,17.5067
05-07-2022,17.572
06-07-2022,17.6519
07-07-2022,17.79
08-07-2022,17.8355
13-07-2022,17.8355
14-07-2022,17.8451
18-07-2022,17.818
19-07-2022,17.973
20-07-2022,18.1593
21-07-2022,18.1881
22-07-2022,18.199
25-07-2022,18.3944
26-07-2022,18.5447
27-07-2022,18.558
28-07-2022,18.6515
29-07-2022,18.7313
01-08-2022,18.865
02-08-2022,18.9489
03-08-2022,18.9132
04-08-2022,18.7832
05-08-2022,18.7488
08-08-2022,18.845
09-08-2022,18.7986
10-08-2022,18.8874
11-08-2022,18.943
12-08-2022,19.1482
15-08-2022,19.1174
16-08-2022,19.0719
17-08-2022,18.9875
18-08-2022,18.9378
19-08-2022,18.9274
22-08-2022,18.9681
23-08-2022,18.9505
24-08-2022,18.8167
25-08-2022,18.8859
26-08-2022,18.923
29-08-2022,18.9062
31-08-2022,18.8309
01-09-2022,18.6609
02-09-2022,18.6786
05-09-2022,18.6302
06-09-2022,18.61
07-09-2022,18.644
08-09-2022,18.5825
09-09-2022,18.7677
12-09-2022,19.0645
13-09-2022,19.1545
14-09-2022,19.2521
15-09-2022,19.0471
16-09-2022,19.091
19-09-2022,19.0205
20-09-2022,18.9627
21-09-2022,19.0178
22-09-2022,19.0404
23-09-2022,18.8686
26-09-2022,18.8069
27-09-2022,18.7396
28-09-2022,18.7518
29-09-2022,18.7146
30-09-2022,18.9299
03-10-2022,19.0101
04-10-2022,18.8309
05-10-2022,18.8354
06-10-2022,18.955
07-10-2022,18.9742
10-10-2022,18.8137
11-10-2022,18.6806
12-10-2022,18.6589
13-10-2022,18.7339
14-10-2022,18.6678
17-10-2022,18.6181
18-10-2022,18.6076
19-10-2022,18.7307
20-10-2022,18.6374
21-10-2022,18.5647
24-10-2022,18.4744
25-10-2022,18.6468
26-10-2022,18.6104
27-10-2022,18.8647
28-10-2022,18.8747
31-10-2022,18.8747
01-11-2022,18.6792
02-11-2022,18.765
03-11-2022,18.7221
04-11-2022,18.4838
07-11-2022,18.5011
08-11-2022,18.7957
09-11-2022,18.838
10-11-2022,18.9385
11-11-2022,18.9042
14-11-2022,19.3399
15-11-2022,19.7216
16-11-2022,19.8469
17-11-2022,19.8311
18-11-2022,19.7198
21-11-2022,19.6213
22-11-2022,19.4992
23-11-2022,19.5382
24-11-2022,19.6357
25-11-2022,19.8182
28-11-2022,19.7741
29-11-2022,19.8002
30-11-2022,19.6888
01-12-2022,19.6529
02-12-2022,19.7973
05-12-2022,19.9873
06-12-2022,19.9839
07-12-2022,19.8212
08-12-2022,19.8422
09-12-2022,19.8645
12-12-2022,20.0301
13-12-2022,20.023
14-12-2022,19.9772
15-12-2022,20.1598
16-12-2022,20.1535
19-12-2022,20.1422
20-12-2022,20.0974
21-12-2022,20.193
22-12-2022,20.1995
23-12-2022,20.2559
26-12-2022,20.1285
27-12-2022,20.101
28-12-2022,20.1856
29-12-2022,20.2059
30-12-2022,20.2728
02-01-2023,20.3316
03-01-2023,20.3105
04-01-2023,20.1228
05-01-2023,20.2434
06-01-2023,20.2802
09-01-2023,20.0489
10-01-2023,20.3703
11-01-2023,20.4477
12-01-2023,20.4071
13-01-2023,20.2037
16-01-2023,20.2883
17-01-2023,20.3484
18-01-2023,20.4091
19-01-2023,20.576
20-01-2023,20.5711
23-01-2023,20.5249
24-01-2023,20.5361
25-01-2023,20.4567
26-01-2023,20.4319
27-01-2023,20.5476
30-01-2023,20.4662
31-01-2023,20.4877
01-02-2023,20.353
02-02-2023,20.5986
03-02-2023,20.7656
06-02-2023,20.6473
07-02-2023,20.4118
08-02-2023,20.3806
09-02-2023,20.5422
10-02-2023,20.5581
13-02-2023,20.4785
14-02-2023,20.4583
15-02-2023,20.5934
16-02-2023,20.4769
17-02-2023,20.4988
20-02-2023,20.3062
21-02-2023,20.4911
22-02-2023,20.4603
23-02-2023,20.4125
24-02-2023,20.3195
27-02-2023,20.2501
28-02-2023,20.1218
01-03-2023,20.1981
02-03-2023,20.1963
03-03-2023,20.114
06-03-2023,20.1752
07-03-2023,20.2878
08-03-2023,20.3582
09-03-2023,20.1442
10-03-2023,20.256
13-03-2023,20.4528
14-03-2023,20.7915
15-03-2023,20.8674
16-03-2023,20.7348
17-03-2023,20.5497
20-03-2023,20.5784
21-03-2023,20.5544
22-03-2023,20.5686
23-03-2023,20.7006
24-03-2023,20.8588
27-03-2023,20.8055
28-03-2023,20.8809
29-03-2023,20.8862
30-03-2023,20.8708
31-03-2023,20.9859
03-04-2023,20.9955
04-04-2023,20.9988
05-04-2023,21.1363
06-04-2023,21.3283
07-04-2023,21.3365
10-04-2023,21.3624
11-04-2023,21.3202
12-04-2023,21.373
13-04-2023,21.4611
14-04-2023,21.7282
17-04-2023,21.8637
18-04-2023,21.7386
19-04-2023,21.7013
20-04-2023,21.6517
24-04-2023,21.6517
25-04-2023,21.863
26-04-2023,21.9405
27-04-2023,21.8897
28-04-2023,21.8359
02-05-2023,21.7867
03-05-2023,21.7423
04-05-2023,21.9776
05-05-2023,22.0602
08-05-2023,21.9583
09-05-2023,22.022
10-05-2023,21.9466
11-05-2023,21.998
12-05-2023,21.9492
15-05-2023,22.0036
16-05-2023,21.9909
17-05-2023,22.1186
18-05-2023,22.0423
22-05-2023,22.0446
23-05-2023,22.1865
24-05-2023,22.1124
25-05-2023,22.1013
26-05-2023,22.0662
29-05-2023,22.1766
30-05-2023,22.2676
31-05-2023,22.5595
01-06-2023,22.7867
02-06-2023,22.9116
05-06-2023,23.1203
06-06-2023,23.3151
07-06-2023,23.765
08-06-2023,25.4967
09-06-2023,25.7496
12-06-2023,26.1211
13-06-2023,26.2362
14-06-2023,26.2136
15-06-2023,26.2227
16-06-2023,26.298
19-06-2023,26.6273
20-06-2023,26.5247
21-06-2023,26.3931
22-06-2023,26.3334
23-06-2023,26.5493
26-06-2023,28.1917
27-06-2023,28.9929
03-07-2023,28.9929
04-07-2023,29.0749
05-07-2023,29.1498
06-07-2023,29.1156
07-07-2023,29.1553
10-07-2023,29.1904
11-07-2023,29.395
12-07-2023,29.6712
13-07-2023,29.8486
14-07-2023,30.386
17-07-2023,30.5699
18-07-2023,30.6637
19-07-2023,31.3859
20-07-2023,31.4583
21-07-2023,31.455
24-07-2023,31.1716
25-07-2023,31.2114
26-07-2023,31.1296
27-07-2023,31.3606
28-07-2023,31.5504
31-07-2023,31.0749
01-08-2023,31.065
02-08-2023,30.9254
03-08-2023,30.8433
04-08-2023,30.8456
07-08-2023,30.8596
08-08-2023,30.9096
09-08-2023,30.9563
10-08-2023,30.9561
11-08-2023,31.0202
14-08-2023,30.9425
15-08-2023,30.9358
16-08-2023,30.9589
17-08-2023,30.8838
18-08-2023,30.92
21-08-2023,30.8684
22-08-2023,30.957
23-08-2023,31.0861
24-08-2023,30.983
25-08-2023,30.9202
28-08-2023,29.9336
29-08-2023,30.1377
31-08-2023,30.168
01-09-2023,30.3953
04-09-2023,30.3507
05-09-2023,30.3627
06-09-2023,30.2591
07-09-2023,30.2065
08-09-2023,30.1701
11-09-2023,30.205
12-09-2023,30.2393
13-09-2023,30.2486
14-09-2023,30.2633
15-09-2023,30.2475
18-09-2023,30.1909
19-09-2023,30.2258
20-09-2023,30.238
21-09-2023,30.2045
22-09-2023,29.9628
25-09-2023,30.0341
26-09-2023,29.9979
27-09-2023,29.9255
28-09-2023,29.8486
29-09-2023,29.9103
02-10-2023,30.1762
03-10-2023,30.14
04-10-2023,29.9223
05-10-2023,30.0696
06-10-2023,30.1564
09-10-2023,30.3192
10-10-2023,30.491
11-10-2023,30.6966
12-10-2023,30.7763
13-10-2023,30.9052
16-10-2023,30.7024
17-10-2023,30.9613
18-10-2023,31.0449
19-10-2023,31.2387
20-10-2023,31.2502
23-10-2023,31.4986
24-10-2023,31.504
25-10-2023,31.5781
26-10-2023,31.4971
27-10-2023,31.4003
30-10-2023,31.362
31-10-2023,31.3472
01-11-2023,31.4349
02-11-2023,31.2294
03-11-2023,31.4368
06-11-2023,31.4398
07-11-2023,31.7845
08-11-2023,31.7141
09-11-2023,31.7192
10-11-2023,31.7659
13-11-2023,31.6891
14-11-2023,31.7635
15-11-2023,31.8248
16-11-2023,32.3463
17-11-2023,32.3776
20-11-2023,32.4124
21-11-2023,32.6106
22-11-2023,32.6544
23-11-2023,32.6568
24-11-2023,32.732
27-11-2023,32.7315
28-11-2023,32.902
29-11-2023,32.9184
30-11-2023,33.0469
01-12-2023,33.1014
04-12-2023,33.1362
05-12-2023,33.184
06-12-2023,33.1884
07-12-2023,33.1517
08-12-2023,33.1649
11-12-2023,33.1536
12-12-2023,33.0327
13-12-2023,33.1966
14-12-2023,33.2483
15-12-2023,33.447
18-12-2023,33.5798
19-12-2023,33.5334
20-12-2023,33.651
21-12-2023,33.8658
22-12-2023,33.8948
25-12-2023,34.1942
26-12-2023,34.2481
27-12-2023,34.2966
28-12-2023,34.5236
29-12-2023,35.2281
02-01-2024,35.1911
03-01-2024,35.1852
04-01-2024,35.062
05-01-2024,35.1587
08-01-2024,35.0692
09-01-2024,35.2127
10-01-2024,35.3182
11-01-2024,35.2308
12-01-2024,35.3683
15-01-2024,35.337
16-01-2024,35.3412
17-01-2024,35.0766
18-01-2024,34.9991
19-01-2024,34.9312
22-01-2024,34.8173
23-01-2024,34.8976
24-01-2024,34.9672
25-01-2024,35.0147
26-01-2024,35.1282
29-01-2024,35.0775
30-01-2024,35.2618
31-01-2024,35.2856
01-02-2024,35.2363
02-02-2024,35.2499
05-02-2024,35.6009
06-02-2024,35.2143
07-02-2024,35.153
08-02-2024,35.1944
09-02-2024,35.1054
12-02-2024,35.1065
13-02-2024,35.1638
14-02-2024,35.0153
15-02-2024,34.7295
16-02-2024,34.8867
19-02-2024,35.0106
20-02-2024,35.1043
21-02-2024,35.0985
22-02-2024,35.2366
23-02-2024,35.4514
26-02-2024,35.3437
27-02-2024,35.4138
28-02-2024,35.4737
29-02-2024,35.4826
01-03-2024,35.5922
04-03-2024,35.4204
05-03-2024,35.7299
06-03-2024,35.7551
07-03-2024,35.9401
08-03-2024,36.226
11-03-2024,36.491
12-03-2024,36.5857
13-03-2024,36.6418
14-03-2024,36.6336
15-03-2024,36.603
18-03-2024,36.4973
19-03-2024,36.6433
20-03-2024,36.4796
21-03-2024,36.4599
22-03-2024,36.4114
25-03-2024,35.6593
26-03-2024,35.8475
27-03-2024,35.7741
28-03-2024,35.6698
29-03-2024,35.7613
01-04-2024,35.9563
02-04-2024,36.0401
03-04-2024,35.53
04-04-2024,35.2957
05-04-2024,35.2691
08-04-2024,35.489
09-04-2024,35.4968
15-04-2024,35.4968
16-04-2024,35.5529
17-04-2024,35.6419
18-04-2024,35.7887
19-04-2024,35.8534
22-04-2024,35.9277
24-04-2024,35.8137
25-04-2024,35.67
26-04-2024,35.7142
29-04-2024,35.7281
30-04-2024,35.6094
02-05-2024,35.5639
03-05-2024,35.5852
06-05-2024,35.6756
07-05-2024,35.7372
08-05-2024,35.6419
09-05-2024,35.5848
10-05-2024,35.5344
13-05-2024,35.6091
14-05-2024,35.6033
15-05-2024,35.6119
16-05-2024,35.7481
17-05-2024,35.8017
20-05-2024,35.5806
21-05-2024,35.5099
22-05-2024,35.4906
23-05-2024,35.3084
24-05-2024,35.3085
27-05-2024,35.2784
28-05-2024,35.2832
29-05-2024,35.3926
30-05-2024,35.4151
31-05-2024,35.6572
03-06-2024,35.6347
04-06-2024,35.7888
05-06-2024,36.2267
06-06-2024,36.5171
07-06-2024,36.2339
10-06-2024,36.3414
11-06-2024,36.238
12-06-2024,36.1786
13-06-2024,36.1853
14-06-2024,36.1292
20-06-2024,36.485
21-06-2024,36.791
24-06-2024,36.9032
25-06-2024,36.8748
26-06-2024,36.9812
27-06-2024,36.8338
28-06-2024,36.7484
01-07-2024,36.6473
02-07-2024,36.3761
03-07-2024,36.2422
04-07-2024,36.1069
05-07-2024,36.2163
08-07-2024,36.4649
09-07-2024,36.601
10-07-2024,36.5971
11-07-2024,36.7855
12-07-2024,36.7039
16-07-2024,36.8834
17-07-2024,37.035
18-07-2024,37.3061
19-07-2024,37.5277
22-07-2024,37.283
23-07-2024,37.2591
24-07-2024,37.0714
25-07-2024,37.0779
26-07-2024,37.6373
29-07-2024,37.481
30-07-2024,37.4055
31-07-2024,37.421
01-08-2024,37.7042
02-08-2024,37.8845
05-08-2024,38.1259
06-08-2024,39.2922
07-08-2024,39.2388
08-08-2024,39.1191
09-08-2024,39.1293
12-08-2024,38.8195
13-08-2024,38.724
14-08-2024,38.7788
15-08-2024,38.9508
16-08-2024,38.9265
19-08-2024,38.8377
20-08-2024,39.0852
21-08-2024,39.4031
22-08-2024,39.7385
23-08-2024,39.9337
26-08-2024,39.9468
27-08-2024,40.2392
28-08-2024,40.257
29-08-2024,40.4359
02-09-2024,40.4078
03-09-2024,40.0715
04-09-2024,39.92
05-09-2024,40.1789
06-09-2024,40.2343
09-09-2024,40.4206
10-09-2024,40.2324
11-09-2024,40.2451
12-09-2024,40.2973
13-09-2024,39.8519
16-09-2024,40.0353
17-09-2024,40.2753
18-09-2024,40.4105
19-09-2024,40.4906
20-09-2024,40.3228
23-09-2024,40.1922
24-09-2024,40.2138
25-09-2024,40.3514
26-09-2024,40.4243
27-09-2024,40.3398
30-09-2024,40.5064
01-10-2024,40.6358
02-10-2024,40.4567
03-10-2024,40.4983
04-10-2024,40.2341
07-10-2024,40.2496
08-10-2024,40.0389
09-10-2024,40.1755
10-10-2024,40.0471
11-10-2024,39.8942
14-10-2024,40.0211
15-10-2024,39.9323
16-10-2024,39.8435
17-10-2024,39.7791
18-10-2024,39.6101
21-10-2024,39.62
22-10-2024,39.6844
23-10-2024,39.6531
24-10-2024,39.5912
25-10-2024,39.6488
28-10-2024,39.6198
30-10-2024,39.6198
31-10-2024,39.6177
01-11-2024,39.653
04-11-2024,39.6165
05-11-2024,39.8245
06-11-2024,39.8996
07-11-2024,39.2469
08-11-2024,39.1757
11-11-2024,39.4602
12-11-2024,39.1883
13-11-2024,39.073
14-11-2024,39.0188
15-11-2024,38.7624
18-11-2024,38.8318
19-11-2024,38.9735
20-11-2024,39.2309
21-11-2024,39.0699
22-11-2024,39.1469
25-11-2024,38.9878
26-11-2024,38.933
27-11-2024,39.1601
28-11-2024,39.2955
29-11-2024,39.2632
02-12-2024,39.4124
03-12-2024,39.2947
04-12-2024,39.3023
05-12-2024,39.2874
06-12-2024,39.386
