Tarih,TP_DK_EUR_A_YTL
20-09-2016,3.3199
21-09-2016,3.3282
22-09-2016,3.3152
23-09-2016,3.31
26-09-2016,3.3044
27-09-2016,3.3546
28-09-2016,3.3401
29-09-2016,3.3362
30-09-2016,3.3608
03-10-2016,3.3548
04-10-2016,3.3743
05-10-2016,3.3834
06-10-2016,3.4264
07-10-2016,3.4134
10-10-2016,3.3944
11-10-2016,3.4173
12-10-2016,3.42
13-10-2016,3.3983
14-10-2016,3.4121
17-10-2016,3.3999
18-10-2016,3.4015
19-10-2016,3.406
20-10-2016,3.3827
21-10-2016,3.3657
24-10-2016,3.3478
25-10-2016,3.3454
26-10-2016,3.3488
27-10-2016,3.3605
28-10-2016,3.3834
31-10-2016,3.3834
01-11-2016,3.3993
02-11-2016,3.4059
03-11-2016,3.448
04-11-2016,3.4543
07-11-2016,3.4794
08-11-2016,3.4878
09-11-2016,3.5067
10-11-2016,3.5412
11-11-2016,3.4983
14-11-2016,3.548
15-11-2016,3.5307
16-11-2016,3.5262
17-11-2016,3.5421
18-11-2016,3.5496
21-11-2016,3.5899
22-11-2016,3.5867
23-11-2016,3.57
24-11-2016,3.5929
25-11-2016,3.5938
28-11-2016,3.6434
29-11-2016,3.637
30-11-2016,3.6253
01-12-2016,3.6364
02-12-2016,3.662
05-12-2016,3.7376
06-12-2016,3.7579
07-12-2016,3.7764
08-12-2016,3.6775
09-12-2016,3.6304
12-12-2016,3.6633
13-12-2016,3.722
14-12-2016,3.6894
15-12-2016,3.701
16-12-2016,3.6845
19-12-2016,3.651
20-12-2016,3.6535
21-12-2016,3.647
22-12-2016,3.6524
23-12-2016,3.6622
26-12-2016,3.6647
27-12-2016,3.6639
28-12-2016,3.6711
29-12-2016,3.6901
30-12-2016,3.6939
02-01-2017,3.7099
03-01-2017,3.7086
04-01-2017,3.7278
05-01-2017,3.7291
06-01-2017,3.7808
09-01-2017,3.827
10-01-2017,3.8986
11-01-2017,3.9852
12-01-2017,4.0591
13-01-2017,4.089
16-01-2017,4.0419
17-01-2017,3.9863
18-01-2017,4.0374
19-01-2017,4.0364
20-01-2017,4.042
23-01-2017,4.0684
24-01-2017,4.0447
25-01-2017,4.03
26-01-2017,4.0836
27-01-2017,4.1145
30-01-2017,4.1421
31-01-2017,4.0983
01-02-2017,4.0558
02-02-2017,4.0733
03-02-2017,4.0338
06-02-2017,4.0212
07-02-2017,3.954
08-02-2017,3.9599
09-02-2017,3.9858
10-02-2017,3.9594
13-02-2017,3.9116
14-02-2017,3.9228
15-02-2017,3.8759
16-02-2017,3.8518
17-02-2017,3.9003
20-02-2017,3.9049
21-02-2017,3.8457
22-02-2017,3.8208
23-02-2017,3.7942
24-02-2017,3.7719
27-02-2017,3.7804
28-02-2017,3.7963
01-03-2017,3.8222
02-03-2017,3.8289
03-03-2017,3.8769
06-03-2017,3.9177
07-03-2017,3.9339
08-03-2017,3.8979
09-03-2017,3.91
10-03-2017,3.959
13-03-2017,3.9728
14-03-2017,3.9943
15-03-2017,3.9856
16-03-2017,3.9634
17-03-2017,3.936
20-03-2017,3.8812
21-03-2017,3.9023
22-03-2017,3.8964
23-03-2017,3.914
24-03-2017,3.8973
27-03-2017,3.9051
28-03-2017,3.9045
29-03-2017,3.9283
30-03-2017,3.9268
31-03-2017,3.9083
03-04-2017,3.8851
04-04-2017,3.8789
05-04-2017,3.8807
06-04-2017,3.9248
07-04-2017,3.9536
10-04-2017,3.9568
11-04-2017,3.9431
12-04-2017,3.9393
13-04-2017,3.9002
14-04-2017,3.8908
17-04-2017,3.9083
18-04-2017,3.8889
19-04-2017,3.9264
20-04-2017,3.9271
21-04-2017,3.9123
24-04-2017,3.8979
25-04-2017,3.8997
26-04-2017,3.9001
27-04-2017,3.9093
28-04-2017,3.8787
02-05-2017,3.8744
03-05-2017,3.8577
04-05-2017,3.8546
05-05-2017,3.8677
08-05-2017,3.9023
09-05-2017,3.886
10-05-2017,3.9178
11-05-2017,3.914
12-05-2017,3.8858
15-05-2017,3.8974
16-05-2017,3.8946
17-05-2017,3.9142
18-05-2017,3.9457
22-05-2017,4.0203
23-05-2017,3.9879
24-05-2017,4.008
25-05-2017,3.9859
26-05-2017,3.9957
29-05-2017,3.998
30-05-2017,3.9977
31-05-2017,3.9744
01-06-2017,3.9558
02-06-2017,3.966
05-06-2017,3.9573
06-06-2017,3.9475
07-06-2017,3.9743
08-06-2017,3.9562
09-06-2017,3.981
12-06-2017,3.9378
13-06-2017,3.9478
14-06-2017,3.9424
15-06-2017,3.9381
16-06-2017,3.9161
19-06-2017,3.9224
20-06-2017,3.9213
21-06-2017,3.9284
22-06-2017,3.938
23-06-2017,3.9283
28-06-2017,3.91
29-06-2017,4.0015
30-06-2017,4.003
03-07-2017,4.0126
04-07-2017,4.0188
05-07-2017,4.0306
06-07-2017,4.0587
07-07-2017,4.1148
10-07-2017,4.1437
11-07-2017,4.1072
12-07-2017,4.137
13-07-2017,4.1266
14-07-2017,4.069
17-07-2017,4.0644
18-07-2017,4.0517
19-07-2017,4.0698
20-07-2017,4.0649
21-07-2017,4.0612
24-07-2017,4.111
25-07-2017,4.1286
26-07-2017,4.1471
27-07-2017,4.139
28-07-2017,4.1316
31-07-2017,4.1316
01-08-2017,4.1325
02-08-2017,4.1558
03-08-2017,4.1778
04-08-2017,4.1904
07-08-2017,4.192
08-08-2017,4.1644
09-08-2017,4.1656
10-08-2017,4.1537
11-08-2017,4.1431
14-08-2017,4.1663
15-08-2017,4.1617
16-08-2017,4.1439
17-08-2017,4.1352
18-08-2017,4.125
21-08-2017,4.1333
22-08-2017,4.1242
23-08-2017,4.117
24-08-2017,4.1183
25-08-2017,4.1021
28-08-2017,4.1046
29-08-2017,4.1097
31-08-2017,4.143
05-09-2017,4.143
06-09-2017,4.0889
07-09-2017,4.1047
08-09-2017,4.0919
11-09-2017,4.1085
12-09-2017,4.0796
13-09-2017,4.0969
14-09-2017,4.114
15-09-2017,4.1098
18-09-2017,4.0963
19-09-2017,4.1249
20-09-2017,4.1835
21-09-2017,4.1725
22-09-2017,4.1775
25-09-2017,4.1763
26-09-2017,4.1818
27-09-2017,4.1747
28-09-2017,4.1891
29-09-2017,4.2023
02-10-2017,4.1924
03-10-2017,4.1992
04-10-2017,4.2007
05-10-2017,4.1924
06-10-2017,4.1964
09-10-2017,4.2168
10-10-2017,4.3383
11-10-2017,4.3375
12-10-2017,4.3451
13-10-2017,4.3226
16-10-2017,4.3142
17-10-2017,4.2933
18-10-2017,4.2989
19-10-2017,4.3184
20-10-2017,4.3258
23-10-2017,4.3219
24-10-2017,4.3445
25-10-2017,4.3637
26-10-2017,4.3909
27-10-2017,4.4468
30-10-2017,4.4378
31-10-2017,4.3848
01-11-2017,4.3942
02-11-2017,4.4326
03-11-2017,4.4339
06-11-2017,4.4504
07-11-2017,4.4787
08-11-2017,4.4609
09-11-2017,4.5014
10-11-2017,4.4742
13-11-2017,4.4998
14-11-2017,4.5021
15-11-2017,4.5253
16-11-2017,4.5939
17-11-2017,4.5564
20-11-2017,4.576
21-11-2017,4.577
22-11-2017,4.6378
23-11-2017,4.6547
24-11-2017,4.6375
27-11-2017,4.6677
28-11-2017,4.6878
29-11-2017,4.6642
30-11-2017,4.6853
01-12-2017,4.6663
04-12-2017,4.6832
05-12-2017,4.6472
06-12-2017,4.5804
07-12-2017,4.5555
08-12-2017,4.5518
11-12-2017,4.5265
12-12-2017,4.5128
13-12-2017,4.5086
14-12-2017,4.5092
15-12-2017,4.5316
18-12-2017,4.5511
19-12-2017,4.5385
20-12-2017,4.5271
21-12-2017,4.5394
22-12-2017,4.5382
25-12-2017,4.5171
26-12-2017,4.5205
27-12-2017,4.5116
28-12-2017,4.5385
29-12-2017,4.5478
02-01-2018,4.5155
03-01-2018,4.5375
04-01-2018,4.5267
05-01-2018,4.5269
08-01-2018,4.5144
09-01-2018,4.493
10-01-2018,4.484
11-01-2018,4.5255
12-01-2018,4.5287
15-01-2018,4.5517
16-01-2018,4.6015
17-01-2018,4.6679
18-01-2018,4.6624
19-01-2018,4.6385
22-01-2018,4.6367
23-01-2018,4.6647
24-01-2018,4.6369
25-01-2018,4.6307
26-01-2018,4.6465
29-01-2018,4.6557
30-01-2018,4.6804
31-01-2018,4.6824
01-02-2018,4.6728
02-02-2018,4.6671
05-02-2018,4.6795
06-02-2018,4.6867
07-02-2018,4.6843
08-02-2018,4.6638
09-02-2018,4.6629
12-02-2018,4.6749
13-02-2018,4.6718
14-02-2018,4.6793
15-02-2018,4.6938
16-02-2018,4.7089
19-02-2018,4.6967
20-02-2018,4.6593
21-02-2018,4.6575
22-02-2018,4.6641
23-02-2018,4.6666
26-02-2018,4.6527
27-02-2018,4.6561
28-02-2018,4.6646
01-03-2018,4.6439
02-03-2018,4.6434
05-03-2018,4.6705
06-03-2018,4.6963
07-03-2018,4.693
08-03-2018,4.7154
09-03-2018,4.7192
12-03-2018,4.6969
13-03-2018,4.6997
14-03-2018,4.7544
15-03-2018,4.7787
16-03-2018,4.8057
19-03-2018,4.8103
20-03-2018,4.8335
21-03-2018,4.8516
22-03-2018,4.8223
23-03-2018,4.8245
26-03-2018,4.8853
27-03-2018,4.9251
28-03-2018,4.9414
29-03-2018,4.95
30-03-2018,4.9191
02-04-2018,4.8673
03-04-2018,4.88
04-04-2018,4.8946
05-04-2018,4.9228
06-04-2018,4.9396
09-04-2018,4.9588
10-04-2018,4.9798
11-04-2018,5.019
12-04-2018,5.1305
13-04-2018,5.097
16-04-2018,5.0279
17-04-2018,5.0619
18-04-2018,5.0747
19-04-2018,5.0665
20-04-2018,4.9841
24-04-2018,4.967
25-04-2018,4.9862
26-04-2018,4.972
27-04-2018,4.9503
30-04-2018,4.8961
02-05-2018,4.8917
03-05-2018,4.9472
04-05-2018,5.0243
07-05-2018,5.0911
08-05-2018,5.0746
09-05-2018,5.092
10-05-2018,5.0834
11-05-2018,5.0668
14-05-2018,5.0757
15-05-2018,5.1741
16-05-2018,5.2365
17-05-2018,5.2687
18-05-2018,5.2412
21-05-2018,5.2674
22-05-2018,5.3469
23-05-2018,5.4043
24-05-2018,5.6817
25-05-2018,5.5133
28-05-2018,5.524
29-05-2018,5.3665
30-05-2018,5.3127
31-05-2018,5.2064
01-06-2018,5.2431
04-06-2018,5.3686
05-06-2018,5.4214
06-06-2018,5.3881
07-06-2018,5.419
08-06-2018,5.378
11-06-2018,5.2956
12-06-2018,5.3223
13-06-2018,5.3626
14-06-2018,5.4621
18-06-2018,5.4621
19-06-2018,5.4667
20-06-2018,5.4969
21-06-2018,5.4929
22-06-2018,5.4833
25-06-2018,5.4848
26-06-2018,5.4071
27-06-2018,5.4576
28-06-2018,5.396
29-06-2018,5.331
02-07-2018,5.3092
03-07-2018,5.3804
04-07-2018,5.4274
05-07-2018,5.4731
06-07-2018,5.4288
09-07-2018,5.3876
10-07-2018,5.3334
11-07-2018,5.5167
12-07-2018,5.5636
13-07-2018,5.6233
16-07-2018,5.632
17-07-2018,5.6599
18-07-2018,5.6714
19-07-2018,5.568
20-07-2018,5.5986
23-07-2018,5.5924
24-07-2018,5.5684
25-07-2018,5.5862
26-07-2018,5.6774
27-07-2018,5.6457
30-07-2018,5.6499
31-07-2018,5.7034
01-08-2018,5.7456
02-08-2018,5.7515
03-08-2018,5.87
06-08-2018,5.8794
07-08-2018,5.9462
08-08-2018,6.0999
09-08-2018,6.1252
10-08-2018,6.2588
13-08-2018,6.8081
14-08-2018,7.8327
15-08-2018,7.4687
16-08-2018,6.9501
17-08-2018,6.5935
20-08-2018,6.8267
27-08-2018,6.8267
28-08-2018,7.1875
29-08-2018,7.2744
31-08-2018,7.4735
03-09-2018,7.6428
04-09-2018,7.6868
05-09-2018,7.7252
06-09-2018,7.7336
07-09-2018,7.6573
10-09-2018,7.5259
11-09-2018,7.4635
12-09-2018,7.4899
13-09-2018,7.4085
14-09-2018,7.3855
17-09-2018,7.0988
18-09-2018,7.2946
19-09-2018,7.4387
20-09-2018,7.3766
21-09-2018,7.3437
24-09-2018,7.3794
25-09-2018,7.3234
26-09-2018,7.2057
27-09-2018,7.2007
28-09-2018,7.113
01-10-2018,6.9505
02-10-2018,6.9213
03-10-2018,6.9255
04-10-2018,6.9741
05-10-2018,7.0388
08-10-2018,7.0786
09-10-2018,7.0624
10-10-2018,7.0088
11-10-2018,6.9994
12-10-2018,6.9147
15-10-2018,6.8404
16-10-2018,6.7288
17-10-2018,6.6943
18-10-2018,6.5678
19-10-2018,6.39
22-10-2018,6.4316
23-10-2018,6.5039
24-10-2018,6.6206
25-10-2018,6.5295
26-10-2018,6.4795
30-10-2018,6.3835
31-10-2018,6.2734
01-11-2018,6.2373
02-11-2018,6.3351
05-11-2018,6.246
06-11-2018,6.1996
07-11-2018,6.0954
08-11-2018,6.1463
09-11-2018,6.1806
12-11-2018,6.2174
13-11-2018,6.1672
14-11-2018,6.1575
15-11-2018,6.1622
16-11-2018,6.131
19-11-2018,6.0565
20-11-2018,6.0775
21-11-2018,6.0935
22-11-2018,6.0935
23-11-2018,6.0497
26-11-2018,6.0042
27-11-2018,5.9604
28-11-2018,5.9259
29-11-2018,5.9233
30-11-2018,5.8737
03-12-2018,5.8679
04-12-2018,5.895
05-12-2018,6.0068
06-12-2018,6.0929
07-12-2018,6.0759
10-12-2018,6.0572
11-12-2018,6.0289
12-12-2018,6.088
13-12-2018,6.0764
14-12-2018,6.0997
17-12-2018,6.0755
18-12-2018,6.091
19-12-2018,6.0839
20-12-2018,6.0764
21-12-2018,6.0206
24-12-2018,6.0342
25-12-2018,6.0291
26-12-2018,6.0419
27-12-2018,6.0185
28-12-2018,6.0245
31-12-2018,6.028
02-01-2019,6.0422
03-01-2019,6.1061
04-01-2019,6.2057
07-01-2019,6.1687
08-01-2019,6.1285
09-01-2019,6.2134
10-01-2019,6.2999
11-01-2019,6.3007
14-01-2019,6.2525
15-01-2019,6.321
16-01-2019,6.2291
17-01-2019,6.1605
18-01-2019,6.103
21-01-2019,6.0908
22-01-2019,6.0714
23-01-2019,6.0716
24-01-2019,6.0386
25-01-2019,5.9905
28-01-2019,5.9654
29-01-2019,6.019
30-01-2019,6.101
31-01-2019,6.0339
01-02-2019,5.9871
04-02-2019,5.9515
05-02-2019,5.9743
06-02-2019,5.9371
07-02-2019,5.9328
08-02-2019,5.9468
11-02-2019,5.9447
12-02-2019,5.946
13-02-2019,5.9377
14-02-2019,5.9374
15-02-2019,5.9591
18-02-2019,5.9335
19-02-2019,5.9886
20-02-2019,5.9958
21-02-2019,6.0072
22-02-2019,6.0263
25-02-2019,6.0318
26-02-2019,6.0244
27-02-2019,6.0141
28-02-2019,6.0257
01-03-2019,6.0576
04-03-2019,6.0762
05-03-2019,6.1024
06-03-2019,6.0803
07-03-2019,6.08
08-03-2019,6.1419
11-03-2019,6.1157
12-03-2019,6.1114
13-03-2019,6.1249
14-03-2019,6.1567
15-03-2019,6.18
18-03-2019,6.1776
19-03-2019,6.1905
20-03-2019,6.2034
21-03-2019,6.2082
22-03-2019,6.2032
25-03-2019,6.263
26-03-2019,6.3858
27-03-2019,6.2162
28-03-2019,6.0091
29-03-2019,6.2335
01-04-2019,6.3188
02-04-2019,6.2906
03-04-2019,6.2242
04-04-2019,6.3022
05-04-2019,6.3225
08-04-2019,6.2797
09-04-2019,6.3682
10-04-2019,6.3775
11-04-2019,6.3946
12-04-2019,6.441
15-04-2019,6.5359
16-04-2019,6.5449
17-04-2019,6.5442
18-04-2019,6.4952
19-04-2019,6.5445
22-04-2019,6.5133
24-04-2019,6.5519
25-04-2019,6.5706
26-04-2019,6.5652
29-04-2019,6.5981
30-04-2019,6.6151
02-05-2019,6.673
03-05-2019,6.6744
06-05-2019,6.6512
07-05-2019,6.7057
08-05-2019,6.8838
09-05-2019,6.9019
10-05-2019,6.9419
13-05-2019,6.8651
14-05-2019,6.8324
15-05-2019,6.7902
16-05-2019,6.7805
17-05-2019,6.7256
20-05-2019,6.7549
21-05-2019,6.7391
22-05-2019,6.7369
23-05-2019,6.7819
24-05-2019,6.8227
27-05-2019,6.7864
28-05-2019,6.7692
29-05-2019,6.7576
30-05-2019,6.7101
31-05-2019,6.5966
03-06-2019,6.532
07-06-2019,6.532
10-06-2019,6.5729
11-06-2019,6.5631
12-06-2019,6.5392
13-06-2019,6.5709
14-06-2019,6.5793
17-06-2019,6.6316
18-06-2019,6.5845
19-06-2019,6.5465
20-06-2019,6.5549
21-06-2019,6.4742
24-06-2019,6.547
25-06-2019,6.5409
26-06-2019,6.5935
27-06-2019,6.5476
28-06-2019,6.5571
01-07-2019,6.5507
02-07-2019,6.4353
03-07-2019,6.4013
04-07-2019,6.3544
05-07-2019,6.3117
08-07-2019,6.309
09-07-2019,6.4235
10-07-2019,6.3998
11-07-2019,6.4369
12-07-2019,6.3877
16-07-2019,6.4088
17-07-2019,6.4086
18-07-2019,6.383
19-07-2019,6.3913
22-07-2019,6.334
23-07-2019,6.3586
24-07-2019,6.3499
25-07-2019,6.3671
26-07-2019,6.3422
29-07-2019,6.2997
30-07-2019,6.2586
31-07-2019,6.2088
01-08-2019,6.1574
02-08-2019,6.1609
05-08-2019,6.1942
06-08-2019,6.1947
07-08-2019,6.1959
08-08-2019,6.1393
09-08-2019,6.1349
15-08-2019,6.1367
16-08-2019,6.2122
19-08-2019,6.1414
20-08-2019,6.1922
21-08-2019,6.3197
22-08-2019,6.3359
23-08-2019,6.3723
26-08-2019,6.3654
27-08-2019,6.4532
28-08-2019,6.4707
29-08-2019,6.4315
02-09-2019,6.4407
03-09-2019,6.3687
04-09-2019,6.316
05-09-2019,6.2352
06-09-2019,6.267
09-09-2019,6.2824
10-09-2019,6.3123
11-09-2019,6.3569
12-09-2019,6.3611
13-09-2019,6.3087
16-09-2019,6.2876
17-09-2019,6.3154
18-09-2019,6.3038
19-09-2019,6.2747
20-09-2019,6.2941
23-09-2019,6.2847
24-09-2019,6.2819
25-09-2019,6.2381
26-09-2019,6.2544
27-09-2019,6.1982
30-09-2019,6.1836
01-10-2019,6.1671
02-10-2019,6.1817
03-10-2019,6.2547
04-10-2019,6.2265
07-10-2019,6.2454
08-10-2019,6.294
09-10-2019,6.3897
10-10-2019,6.3974
11-10-2019,6.4694
14-10-2019,6.4405
15-10-2019,6.5174
16-10-2019,6.4888
17-10-2019,6.5012
18-10-2019,6.5255
21-10-2019,6.4202
22-10-2019,6.4894
23-10-2019,6.4969
24-10-2019,6.4158
25-10-2019,6.392
28-10-2019,6.3996
30-10-2019,6.3996
31-10-2019,6.3772
01-11-2019,6.3715
04-11-2019,6.3803
05-11-2019,6.3458
06-11-2019,6.374
07-11-2019,6.3714
08-11-2019,6.3547
11-11-2019,6.3412
12-11-2019,6.3641
13-11-2019,6.3586
14-11-2019,6.3395
15-11-2019,6.333
18-11-2019,6.3352
19-11-2019,6.3378
20-11-2019,6.3279
21-11-2019,6.3027
22-11-2019,6.3047
25-11-2019,6.2979
26-11-2019,6.3026
27-11-2019,6.3214
28-11-2019,6.333
29-11-2019,6.3396
02-12-2019,6.3175
03-12-2019,6.3246
04-12-2019,6.3552
05-12-2019,6.3529
06-12-2019,6.3738
09-12-2019,6.3805
10-12-2019,6.4083
11-12-2019,6.4218
12-12-2019,6.4267
13-12-2019,6.4434
16-12-2019,6.4503
17-12-2019,6.4993
18-12-2019,6.529
19-12-2019,6.5671
20-12-2019,6.5963
23-12-2019,6.5704
24-12-2019,6.5714
25-12-2019,6.5773
26-12-2019,6.5755
27-12-2019,6.5759
30-12-2019,6.6117
31-12-2019,6.6506
02-01-2020,6.6621
03-01-2020,6.663
06-01-2020,6.6464
07-01-2020,6.6718
08-01-2020,6.6628
09-01-2020,6.6355
10-01-2020,6.5336
13-01-2020,6.517
14-01-2020,6.5096
15-01-2020,6.5495
16-01-2020,6.5504
17-01-2020,6.5458
20-01-2020,6.5172
21-01-2020,6.5412
22-01-2020,6.568
23-01-2020,6.5723
24-01-2020,6.5585
27-01-2020,6.5473
28-01-2020,6.5471
29-01-2020,6.5369
30-01-2020,6.5371
31-01-2020,6.5782
03-02-2020,6.5864
04-02-2020,6.6154
05-02-2020,6.6017
06-02-2020,6.5918
07-02-2020,6.5761
10-02-2020,6.5518
11-02-2020,6.5644
12-02-2020,6.5777
13-02-2020,6.5729
14-02-2020,6.5754
17-02-2020,6.555
18-02-2020,6.5435
19-02-2020,6.5596
20-02-2020,6.5428
21-02-2020,6.5654
24-02-2020,6.5922
25-02-2020,6.6409
26-02-2020,6.6416
27-02-2020,6.689
28-02-2020,6.7344
02-03-2020,6.8592
03-03-2020,6.8903
04-03-2020,6.8889
05-03-2020,6.7927
06-03-2020,6.778
09-03-2020,6.8604
10-03-2020,6.9735
11-03-2020,6.9455
12-03-2020,6.9669
13-03-2020,7.0139
16-03-2020,7.0099
17-03-2020,7.1143
18-03-2020,7.1564
19-03-2020,7.0871
20-03-2020,7.055
23-03-2020,6.9737
24-03-2020,7.0484
25-03-2020,7.0455
26-03-2020,6.9271
27-03-2020,7.061
30-03-2020,7.0896
31-03-2020,7.215
01-04-2020,7.2107
02-04-2020,7.2756
03-04-2020,7.2849
06-04-2020,7.2279
07-04-2020,7.299
08-04-2020,7.3253
09-04-2020,7.3544
10-04-2020,7.3235
13-04-2020,7.3176
14-04-2020,7.3954
15-04-2020,7.4118
16-04-2020,7.4871
17-04-2020,7.5145
20-04-2020,7.4906
21-04-2020,7.5077
22-04-2020,7.5398
24-04-2020,7.5729
27-04-2020,7.4903
28-04-2020,7.559
29-04-2020,7.5877
30-04-2020,7.5764
04-05-2020,7.5827
05-05-2020,7.6739
06-05-2020,7.6624
07-05-2020,7.7112
08-05-2020,7.7944
11-05-2020,7.6894
12-05-2020,7.6509
13-05-2020,7.5922
14-05-2020,7.5735
15-05-2020,7.5122
18-05-2020,7.4624
20-05-2020,7.4185
21-05-2020,7.428
22-05-2020,7.4499
27-05-2020,7.4065
28-05-2020,7.4299
29-05-2020,7.4738
01-06-2020,7.577
02-06-2020,7.5724
03-06-2020,7.5654
04-06-2020,7.5439
05-06-2020,7.5677
08-06-2020,7.6644
09-06-2020,7.6448
10-06-2020,7.6453
11-06-2020,7.7032
12-06-2020,7.7125
15-06-2020,7.7097
16-06-2020,7.6741
17-06-2020,7.7306
18-06-2020,7.6884
19-06-2020,7.6992
22-06-2020,7.6739
23-06-2020,7.6713
24-06-2020,7.7278
25-06-2020,7.7363
26-06-2020,7.6796
29-06-2020,7.6776
30-06-2020,7.7082
01-07-2020,7.672
02-07-2020,7.6774
03-07-2020,7.7211
06-07-2020,7.6859
07-07-2020,7.7356
08-07-2020,7.73
09-07-2020,7.7308
10-07-2020,7.7688
13-07-2020,7.7309
14-07-2020,7.76
16-07-2020,7.7815
17-07-2020,7.8021
20-07-2020,7.8083
21-07-2020,7.8391
22-07-2020,7.8296
23-07-2020,7.893
24-07-2020,7.9191
27-07-2020,7.9298
28-07-2020,8.0074
29-07-2020,8.07
30-07-2020,8.1481
04-08-2020,8.1481
05-08-2020,8.1676
06-08-2020,8.2718
07-08-2020,8.486
10-08-2020,8.5939
11-08-2020,8.585
12-08-2020,8.5299
13-08-2020,8.5658
14-08-2020,8.6564
17-08-2020,8.671
18-08-2020,8.7328
19-08-2020,8.7678
20-08-2020,8.771
21-08-2020,8.6389
24-08-2020,8.5281
25-08-2020,8.6764
26-08-2020,8.708
27-08-2020,8.6755
28-08-2020,8.6521
31-08-2020,8.6897
01-09-2020,8.7284
02-09-2020,8.7979
03-09-2020,8.7321
04-09-2020,8.7435
07-09-2020,8.7822
08-09-2020,8.7938
09-09-2020,8.7994
10-09-2020,8.7855
11-09-2020,8.8228
14-09-2020,8.8172
15-09-2020,8.858
16-09-2020,8.8759
17-09-2020,8.8606
18-09-2020,8.8648
21-09-2020,8.9295
22-09-2020,8.943
23-09-2020,8.9553
24-09-2020,8.959
25-09-2020,8.9277
28-09-2020,8.805
29-09-2020,9.0268
30-09-2020,9.1281
01-10-2020,9.0835
02-10-2020,9.0376
05-10-2020,9.0598
06-10-2020,9.0815
07-10-2020,9.1257
08-10-2020,9.2058
09-10-2020,9.2859
12-10-2020,9.3242
13-10-2020,9.2889
14-10-2020,9.2866
15-10-2020,9.2986
16-10-2020,9.2724
19-10-2020,9.2692
20-10-2020,9.253
21-10-2020,9.2874
22-10-2020,9.2677
23-10-2020,9.2387
26-10-2020,9.3941
27-10-2020,9.4924
28-10-2020,9.5974
30-10-2020,9.5974
02-11-2020,9.6985
03-11-2020,9.7506
04-11-2020,9.8802
05-11-2020,9.8715
06-11-2020,9.9416
09-11-2020,10.0279
10-11-2020,9.7173
11-11-2020,9.7278
12-11-2020,9.4921
13-11-2020,9.1861
16-11-2020,9.0169
17-11-2020,9.093
18-11-2020,9.1836
19-11-2020,9.1701
20-11-2020,9.0783
23-11-2020,8.995
24-11-2020,9.2197
25-11-2020,9.3956
26-11-2020,9.4499
27-11-2020,9.4067
30-11-2020,9.2988
01-12-2020,9.3306
02-12-2020,9.3868
03-12-2020,9.4134
04-12-2020,9.5106
07-12-2020,9.4625
08-12-2020,9.4913
09-12-2020,9.462
10-12-2020,9.484
11-12-2020,9.4932
14-12-2020,9.6241
15-12-2020,9.5624
16-12-2020,9.5184
17-12-2020,9.4908
18-12-2020,9.4817
21-12-2020,9.423
22-12-2020,9.3504
23-12-2020,9.3347
24-12-2020,9.303
25-12-2020,9.2948
28-12-2020,9.2037
29-12-2020,9.137
30-12-2020,9.0697
31-12-2020,9.0079
04-01-2021,9.1164
05-01-2021,9.0382
06-01-2021,9.0656
07-01-2021,9.0397
08-01-2021,8.9342
11-01-2021,8.9968
12-01-2021,9.0629
13-01-2021,9.0693
14-01-2021,9.0552
15-01-2021,8.9815
18-01-2021,8.9635
19-01-2021,9.0457
20-01-2021,9.0235
21-01-2021,9.0232
22-01-2021,8.9597
25-01-2021,9.0044
26-01-2021,8.9778
27-01-2021,8.955
28-01-2021,8.9276
29-01-2021,8.9216
01-02-2021,8.8718
02-02-2021,8.7345
03-02-2021,8.607
04-02-2021,8.5995
05-02-2021,8.5559
08-02-2021,8.4764
09-02-2021,8.5036
10-02-2021,8.5664
11-02-2021,8.5517
12-02-2021,8.5374
15-02-2021,8.4977
16-02-2021,8.4607
17-02-2021,8.4026
18-02-2021,8.4558
19-02-2021,8.3867
22-02-2021,8.4407
23-02-2021,8.475
24-02-2021,8.5418
25-02-2021,8.6774
26-02-2021,8.7811
01-03-2021,8.942
02-03-2021,8.8059
03-03-2021,8.7855
04-03-2021,8.8679
05-03-2021,8.9768
08-03-2021,8.9643
09-03-2021,9.0208
10-03-2021,9.0851
11-03-2021,9.0315
12-03-2021,8.8995
15-03-2021,9.0326
16-03-2021,8.9912
17-03-2021,8.954
18-03-2021,8.9242
19-03-2021,8.9113
22-03-2021,8.6566
23-03-2021,9.4069
24-03-2021,9.2902
25-03-2021,9.4257
26-03-2021,9.3778
29-03-2021,9.415
30-03-2021,9.5618
31-03-2021,9.7741
01-04-2021,9.7688
02-04-2021,9.5898
05-04-2021,9.4646
06-04-2021,9.5622
07-04-2021,9.6191
08-04-2021,9.7075
09-04-2021,9.6808
12-04-2021,9.6777
13-04-2021,9.7149
14-04-2021,9.6805
15-04-2021,9.6558
16-04-2021,9.647
19-04-2021,9.6524
20-04-2021,9.6802
21-04-2021,9.7718
22-04-2021,9.7816
26-04-2021,9.9576
27-04-2021,10.0735
28-04-2021,9.9371
29-04-2021,9.8799
30-04-2021,9.909
03-05-2021,9.9545
04-05-2021,9.9885
05-05-2021,9.9837
06-05-2021,10.0109
07-05-2021,9.9979
10-05-2021,9.9879
11-05-2021,10.0284
12-05-2021,10.0727
17-05-2021,10.0727
18-05-2021,10.1403
20-05-2021,10.1667
21-05-2021,10.2043
24-05-2021,10.2072
25-05-2021,10.2278
26-05-2021,10.2861
27-05-2021,10.3227
28-05-2021,10.2849
31-05-2021,10.4147
01-06-2021,10.3629
02-06-2021,10.3998
03-06-2021,10.4895
04-06-2021,10.5091
07-06-2021,10.516
08-06-2021,10.4825
09-06-2021,10.4585
10-06-2021,10.4515
11-06-2021,10.3808
14-06-2021,10.1615
15-06-2021,10.0998
16-06-2021,10.3646
17-06-2021,10.3327
18-06-2021,10.3072
21-06-2021,10.3197
22-06-2021,10.4032
23-06-2021,10.3722
24-06-2021,10.2828
25-06-2021,10.3356
28-06-2021,10.3646
29-06-2021,10.4077
30-06-2021,10.3645
01-07-2021,10.3249
02-07-2021,10.2889
05-07-2021,10.2657
06-07-2021,10.287
07-07-2021,10.2562
08-07-2021,10.2469
09-07-2021,10.2721
12-07-2021,10.2712
13-07-2021,10.2354
14-07-2021,10.1926
16-07-2021,10.156
19-07-2021,10.0483
26-07-2021,10.0483
27-07-2021,10.105
28-07-2021,10.0896
29-07-2021,10.0929
30-07-2021,10.0862
02-08-2021,10.0084
03-08-2021,9.9677
04-08-2021,9.8906
05-08-2021,9.9891
06-08-2021,10.0976
09-08-2021,10.1149
10-08-2021,10.1622
11-08-2021,10.1112
12-08-2021,10.1014
13-08-2021,10.064
16-08-2021,10.0251
17-08-2021,9.9762
18-08-2021,9.9022
19-08-2021,9.9174
20-08-2021,9.9491
23-08-2021,9.9551
24-08-2021,9.9144
25-08-2021,9.8728
26-08-2021,9.8404
27-08-2021,9.8352
31-08-2021,9.8494
01-09-2021,9.8228
02-09-2021,9.791
03-09-2021,9.7911
06-09-2021,9.8492
07-09-2021,9.8199
08-09-2021,9.8506
09-09-2021,9.9394
10-09-2021,10.0142
13-09-2021,9.9478
14-09-2021,9.9496
15-09-2021,9.9615
16-09-2021,9.9616
17-09-2021,9.9382
20-09-2021,10.0921
21-09-2021,10.1467
22-09-2021,10.1272
23-09-2021,10.1291
24-09-2021,10.1456
27-09-2021,10.3526
28-09-2021,10.3364
29-09-2021,10.3486
30-09-2021,10.3135
01-10-2021,10.2933
04-10-2021,10.2484
05-10-2021,10.2822
06-10-2021,10.2583
07-10-2021,10.2876
08-10-2021,10.2469
11-10-2021,10.2832
12-10-2021,10.3398
13-10-2021,10.4026
14-10-2021,10.4268
15-10-2021,10.612
18-10-2021,10.6785
19-10-2021,10.7375
20-10-2021,10.8237
21-10-2021,10.8308
22-10-2021,10.8108
25-10-2021,11.1566
26-10-2021,11.3283
27-10-2021,10.9812
28-10-2021,10.998
01-11-2021,10.998
02-11-2021,11.0216
03-11-2021,11.0413
04-11-2021,11.1892
05-11-2021,11.199
08-11-2021,11.1995
09-11-2021,11.2013
10-11-2021,11.2469
11-11-2021,11.3156
12-11-2021,11.3726
15-11-2021,11.3448
16-11-2021,11.4282
17-11-2021,11.5606
18-11-2021,11.7627
19-11-2021,12.1224
22-11-2021,12.4815
23-11-2021,12.5938
24-11-2021,13.6789
25-11-2021,14.1524
26-11-2021,13.464
29-11-2021,13.5971
30-11-2021,14.2793
01-12-2021,14.6798
02-12-2021,15.1049
03-12-2021,15.1838
06-12-2021,15.4548
07-12-2021,15.5503
08-12-2021,15.4101
09-12-2021,15.3754
10-12-2021,15.5577
13-12-2021,15.6094
14-12-2021,16.0663
15-12-2021,16.0096
16-12-2021,16.494
17-12-2021,17.1957
20-12-2021,18.5044
21-12-2021,19.6788
22-12-2021,14.7024
23-12-2021,14.0483
24-12-2021,12.9683
27-12-2021,13.2926
28-12-2021,12.8903
29-12-2021,13.4
30-12-2021,13.8011
31-12-2021,14.6823
03-01-2022,15.0867
04-01-2022,15.2342
05-01-2022,14.8902
06-01-2022,15.1137
07-01-2022,15.4105
10-01-2022,15.5501
11-01-2022,15.5443
12-01-2022,15.5689
13-01-2022,15.5908
14-01-2022,15.5177
17-01-2022,15.4799
18-01-2022,15.394
19-01-2022,15.395
20-01-2022,15.3848
21-01-2022,15.2577
24-01-2022,15.1892
25-01-2022,15.1506
26-01-2022,15.2425
27-01-2022,15.2404
28-01-2022,15.2159
31-01-2022,15.1536
01-02-2022,14.9676
02-02-2022,15.0503
03-02-2022,15.1653
04-02-2022,15.3002
07-02-2022,15.5162
08-02-2022,15.4812
09-02-2022,15.5412
10-02-2022,15.5002
11-02-2022,15.4713
14-02-2022,15.3674
15-02-2022,15.327
16-02-2022,15.4218
17-02-2022,15.4927
18-02-2022,15.462
21-02-2022,15.4745
22-02-2022,15.4651
23-02-2022,15.5648
24-02-2022,15.6358
25-02-2022,15.9627
28-02-2022,15.7097
01-03-2022,15.4724
02-03-2022,15.5556
03-03-2022,15.5729
04-03-2022,15.6521
07-03-2022,15.6017
08-03-2022,15.5309
09-03-2022,15.7502
10-03-2022,15.9918
11-03-2022,16.2842
14-03-2022,16.3758
15-03-2022,16.1627
16-03-2022,16.217
17-03-2022,16.1254
18-03-2022,16.2065
21-03-2022,16.3261
22-03-2022,16.3668
23-03-2022,16.2734
24-03-2022,16.2985
25-03-2022,16.2825
28-03-2022,16.3136
29-03-2022,16.262
30-03-2022,16.3117
31-03-2022,16.3086
01-04-2022,16.2855
04-04-2022,16.2145
05-04-2022,16.1796
06-04-2022,16.1262
07-04-2022,16.0543
08-04-2022,16.0523
11-04-2022,16.0012
12-04-2022,16.0497
13-04-2022,15.933
14-04-2022,15.7713
15-04-2022,15.9114
18-04-2022,15.8056
19-04-2022,15.7912
20-04-2022,15.801
21-04-2022,15.8633
22-04-2022,15.9909
25-04-2022,15.9017
26-04-2022,15.8262
27-04-2022,15.7779
28-04-2022,15.6941
29-04-2022,15.5448
05-05-2022,15.6139
06-05-2022,15.7054
09-05-2022,15.7147
10-05-2022,15.7587
11-05-2022,16.0374
12-05-2022,16.133
13-05-2022,16.0354
16-05-2022,16.0455
17-05-2022,16.2166
18-05-2022,16.5628
20-05-2022,16.7425
23-05-2022,16.8483
24-05-2022,16.8698
25-05-2022,17.2255
26-05-2022,17.366
27-05-2022,17.5101
30-05-2022,17.527
31-05-2022,17.6019
01-06-2022,17.5702
02-06-2022,17.5916
03-06-2022,17.57
06-06-2022,17.7066
07-06-2022,17.7785
08-06-2022,17.8408
09-06-2022,18.2931
10-06-2022,18.43
13-06-2022,18.0924
14-06-2022,18.0353
15-06-2022,18.0055
16-06-2022,18.0818
17-06-2022,17.984
20-06-2022,18.173
21-06-2022,18.2219
22-06-2022,18.2799
23-06-2022,18.2142
24-06-2022,18.2455
27-06-2022,18.2753
28-06-2022,17.6057
29-06-2022,17.5858
30-06-2022,17.5221
01-07-2022,17.3701
04-07-2022,17.4703
05-07-2022,17.5322
06-07-2022,17.5036
07-07-2022,17.5783
08-07-2022,17.5988
13-07-2022,17.5988
14-07-2022,17.4693
18-07-2022,17.4977
19-07-2022,17.7083
20-07-2022,17.9559
21-07-2022,17.9549
22-07-2022,17.966
25-07-2022,18.0087
26-07-2022,18.1927
27-07-2022,18.16
28-07-2022,18.1286
29-07-2022,18.2176
01-08-2022,18.2977
02-08-2022,18.3644
03-08-2022,18.3502
04-08-2022,18.2593
05-08-2022,18.2617
08-08-2022,18.3515
09-08-2022,18.285
10-08-2022,18.3329
11-08-2022,18.3411
12-08-2022,18.5263
15-08-2022,18.4687
16-08-2022,18.3238
17-08-2022,18.1958
18-08-2022,18.2487
19-08-2022,18.2694
22-08-2022,18.2093
23-08-2022,18.1184
24-08-2022,17.9664
25-08-2022,18.0113
26-08-2022,18.138
29-08-2022,18.1354
31-08-2022,18.0933
01-09-2022,18.1574
02-09-2022,18.2226
05-09-2022,18.1797
06-09-2022,18.0545
07-09-2022,18.1153
08-09-2022,18.0378
09-09-2022,18.2218
12-09-2022,18.3622
13-09-2022,18.5041
14-09-2022,18.513
15-09-2022,18.2196
16-09-2022,18.2095
19-09-2022,18.1954
20-09-2022,18.2271
21-09-2022,18.3014
22-09-2022,18.1312
23-09-2022,18.0785
26-09-2022,17.9431
27-09-2022,17.7909
28-09-2022,17.7719
29-09-2022,17.6711
30-09-2022,17.9232
03-10-2022,18.1395
04-10-2022,18.1474
05-10-2022,18.3233
06-10-2022,18.4388
07-10-2022,18.3543
10-10-2022,18.1795
11-10-2022,18.0048
12-10-2022,18.0168
13-10-2022,18.0297
14-10-2022,18.0405
17-10-2022,18.093
18-10-2022,18.0897
19-10-2022,18.2696
20-10-2022,18.2157
21-10-2022,18.186
24-10-2022,18.1246
25-10-2022,18.2761
26-10-2022,18.3231
27-10-2022,18.6253
28-10-2022,18.6837
31-10-2022,18.6837
01-11-2022,18.4742
02-11-2022,18.468
03-11-2022,18.4043
04-11-2022,18.1639
07-11-2022,18.185
08-11-2022,18.5226
09-11-2022,18.5744
10-11-2022,18.685
11-11-2022,18.5418
14-11-2022,18.9888
15-11-2022,19.1661
16-11-2022,19.3327
17-11-2022,19.3524
18-11-2022,19.2822
21-11-2022,19.2842
22-11-2022,19.0548
23-11-2022,19.1
24-11-2022,19.2101
25-11-2022,19.3736
28-11-2022,19.367
29-11-2022,19.4073
30-11-2022,19.3116
01-12-2022,19.2824
02-12-2022,19.4206
05-12-2022,19.6004
06-12-2022,19.6436
07-12-2022,19.5375
08-12-2022,19.5015
09-12-2022,19.5764
12-12-2022,19.6684
13-12-2022,19.6386
14-12-2022,19.6382
15-12-2022,19.8349
16-12-2022,19.7985
19-12-2022,19.8114
20-12-2022,19.7925
21-12-2022,19.8025
22-12-2022,19.7987
23-12-2022,19.8354
26-12-2022,19.8044
27-12-2022,19.8324
28-12-2022,19.9087
29-12-2022,19.8946
30-12-2022,19.8816
02-01-2023,19.9349
03-01-2023,19.9806
04-01-2023,19.7818
05-01-2023,19.8472
06-01-2023,19.8886
09-01-2023,19.704
10-01-2023,20.0269
11-01-2023,20.1386
12-01-2023,20.1528
13-01-2023,20.1858
16-01-2023,20.3386
17-01-2023,20.3163
18-01-2023,20.3157
19-01-2023,20.3329
20-01-2023,20.3054
23-01-2023,20.3419
24-01-2023,20.4768
25-01-2023,20.4142
26-01-2023,20.437
27-01-2023,20.4931
30-01-2023,20.4401
31-01-2023,20.4525
01-02-2023,20.3458
02-02-2023,20.4512
03-02-2023,20.6661
06-02-2023,20.5163
07-02-2023,20.2662
08-02-2023,20.1606
09-02-2023,20.2127
10-02-2023,20.2313
13-02-2023,20.1664
14-02-2023,20.0922
15-02-2023,20.2332
16-02-2023,20.1746
17-02-2023,20.1579
20-02-2023,20.0376
21-02-2023,20.1432
22-02-2023,20.095
23-02-2023,20.0599
24-02-2023,19.9977
27-02-2023,19.9653
28-02-2023,19.9061
01-03-2023,20.0042
02-03-2023,20.0845
03-03-2023,20.0545
06-03-2023,20.0195
07-03-2023,20.0857
08-03-2023,20.1549
09-03-2023,19.9323
10-03-2023,19.9895
13-03-2023,20.0511
14-03-2023,20.2645
15-03-2023,20.2927
16-03-2023,20.2523
17-03-2023,20.142
20-03-2023,20.2077
21-03-2023,20.2753
22-03-2023,20.4094
23-03-2023,20.5019
24-03-2023,20.722
27-03-2023,20.5055
28-03-2023,20.5252
29-03-2023,20.6467
30-03-2023,20.7201
31-03-2023,20.8021
03-04-2023,20.845
04-04-2023,20.8074
05-04-2023,20.9597
06-04-2023,21.0501
07-04-2023,20.9782
10-04-2023,20.9964
11-04-2023,20.981
12-04-2023,21.0043
13-04-2023,21.0741
14-04-2023,21.2512
17-04-2023,21.3873
18-04-2023,21.2519
19-04-2023,21.2554
20-04-2023,21.2121
24-04-2023,21.2121
25-04-2023,21.3204
26-04-2023,21.395
27-04-2023,21.4074
28-04-2023,21.4403
02-05-2023,21.3604
03-05-2023,21.3306
04-05-2023,21.4672
05-05-2023,21.5293
08-05-2023,21.4749
09-05-2023,21.5141
10-05-2023,21.4008
11-05-2023,21.3821
12-05-2023,21.3534
15-05-2023,21.3447
16-05-2023,21.3524
17-05-2023,21.4277
18-05-2023,21.3786
22-05-2023,21.3774
23-05-2023,21.4186
24-05-2023,21.3946
25-05-2023,21.3986
26-05-2023,21.3507
29-05-2023,21.4251
30-05-2023,21.4932
31-05-2023,21.7607
01-06-2023,22.0582
02-06-2023,22.1932
05-06-2023,22.4433
06-06-2023,22.6105
07-06-2023,22.9581
08-06-2023,24.6248
09-06-2023,25.0103
12-06-2023,25.2323
13-06-2023,25.4282
14-06-2023,25.5302
15-06-2023,25.4842
16-06-2023,25.6004
19-06-2023,25.8807
20-06-2023,25.8186
21-06-2023,25.772
22-06-2023,25.7113
23-06-2023,25.9732
26-06-2023,27.4579
27-06-2023,28.154
03-07-2023,28.154
04-07-2023,28.3448
05-07-2023,28.3464
06-07-2023,28.3518
07-07-2023,28.3161
10-07-2023,28.337
11-07-2023,28.5515
12-07-2023,28.6913
13-07-2023,28.7787
14-07-2023,29.1598
17-07-2023,29.339
18-07-2023,29.4868
19-07-2023,30.1791
20-07-2023,30.183
21-07-2023,30.1356
24-07-2023,29.929
25-07-2023,29.8646
26-07-2023,29.7778
27-07-2023,29.8139
28-07-2023,29.9756
31-07-2023,29.57
01-08-2023,29.6989
02-08-2023,29.5733
03-08-2023,29.5887
04-08-2023,29.4507
07-08-2023,29.4979
08-08-2023,29.6034
09-08-2023,29.6024
10-08-2023,29.6279
11-08-2023,29.7365
14-08-2023,29.6845
15-08-2023,29.5687
16-08-2023,29.5353
17-08-2023,29.516
18-08-2023,29.455
21-08-2023,29.4092
22-08-2023,29.5518
23-08-2023,29.6274
24-08-2023,29.4062
25-08-2023,29.4057
28-08-2023,28.4899
29-08-2023,28.6712
31-08-2023,28.7308
01-09-2023,29.0184
04-09-2023,28.9377
05-09-2023,28.866
06-09-2023,28.7642
07-09-2023,28.7368
08-09-2023,28.7117
11-09-2023,28.7034
12-09-2023,28.797
13-09-2023,28.7911
14-09-2023,28.8851
15-09-2023,28.8817
18-09-2023,28.7098
19-09-2023,28.7754
20-09-2023,28.864
21-09-2023,28.8676
22-09-2023,28.7571
25-09-2023,28.8483
26-09-2023,28.9027
27-09-2023,28.8183
28-09-2023,28.7853
29-09-2023,28.8083
02-10-2023,29.0305
03-10-2023,28.928
04-10-2023,28.7674
05-10-2023,28.8765
06-10-2023,28.9346
09-10-2023,29.0769
10-10-2023,29.127
11-10-2023,29.297
12-10-2023,29.3644
13-10-2023,29.4343
16-10-2023,29.2306
17-10-2023,29.3261
18-10-2023,29.4057
19-10-2023,29.563
20-10-2023,29.4883
23-10-2023,29.6017
24-10-2023,29.683
25-10-2023,29.8745
26-10-2023,29.7098
27-10-2023,29.6253
30-10-2023,29.6896
31-10-2023,29.8143
01-11-2023,30.0552
02-11-2023,29.8539
03-11-2023,30.0503
06-11-2023,30.1554
07-11-2023,30.5031
08-11-2023,30.3973
09-11-2023,30.3965
10-11-2023,30.463
13-11-2023,30.4047
14-11-2023,30.5159
15-11-2023,30.6117
16-11-2023,31.0926
17-11-2023,31.081
20-11-2023,31.1086
21-11-2023,31.355
22-11-2023,31.4725
23-11-2023,31.3523
24-11-2023,31.4156
27-11-2023,31.4311
28-11-2023,31.5995
29-11-2023,31.6139
30-11-2023,31.7037
01-12-2023,31.5154
04-12-2023,31.4437
05-12-2023,31.3515
06-12-2023,31.2561
07-12-2023,31.1547
08-12-2023,31.1103
11-12-2023,31.1567
12-12-2023,31.1556
13-12-2023,31.2629
14-12-2023,31.2806
15-12-2023,31.6038
18-12-2023,31.8017
19-12-2023,31.6644
20-12-2023,31.7461
21-12-2023,31.8497
22-12-2023,31.8579
25-12-2023,32.0726
26-12-2023,32.1766
27-12-2023,32.2421
28-12-2023,32.4186
29-12-2023,32.6937
02-01-2024,32.5739
03-01-2024,32.6671
04-01-2024,32.5431
05-01-2024,32.569
08-01-2024,32.4987
09-01-2024,32.6401
10-01-2024,32.7049
11-01-2024,32.724
12-01-2024,32.88
15-01-2024,32.9124
16-01-2024,32.9036
17-01-2024,32.751
18-01-2024,32.6911
19-01-2024,32.7618
22-01-2024,32.7771
23-01-2024,32.881
24-01-2024,32.9087
25-01-2024,32.8837
26-01-2024,32.9166
29-01-2024,32.7904
30-01-2024,32.8013
31-01-2024,32.8144
01-02-2024,32.7884
02-02-2024,32.7217
05-02-2024,33.0537
06-02-2024,32.8052
07-02-2024,32.7691
08-02-2024,32.8771
09-02-2024,32.9071
12-02-2024,32.9634
13-02-2024,33.0244
14-02-2024,33.034
15-02-2024,32.851
16-02-2024,32.9473
19-02-2024,33.0805
20-02-2024,33.2036
21-02-2024,33.264
22-02-2024,33.3931
23-02-2024,33.6051
26-02-2024,33.562
27-02-2024,33.6453
28-02-2024,33.7284
29-02-2024,33.6543
01-03-2024,33.7686
04-03-2024,33.7797
05-03-2024,34.0791
06-03-2024,34.2228
07-03-2024,34.4186
08-03-2024,34.6296
11-03-2024,34.8478
12-03-2024,34.9442
13-03-2024,34.9675
14-03-2024,35.0183
15-03-2024,35.0739
18-03-2024,34.9733
19-03-2024,35.1355
20-03-2024,35.0236
21-03-2024,35.082
22-03-2024,35.2734
25-03-2024,34.5875
26-03-2024,34.6819
27-03-2024,34.8336
28-03-2024,34.8285
29-03-2024,34.8189
01-04-2024,34.8023
02-04-2024,34.8992
03-04-2024,34.5081
04-04-2024,34.4097
05-04-2024,34.5629
08-04-2024,34.5892
09-04-2024,34.659
15-04-2024,34.659
16-04-2024,34.4475
17-04-2024,34.4266
18-04-2024,34.5266
19-04-2024,34.6559
22-04-2024,34.6254
24-04-2024,34.6207
25-04-2024,34.7084
26-04-2024,34.8231
29-04-2024,34.8255
30-04-2024,34.6487
02-05-2024,34.623
03-05-2024,34.6073
06-05-2024,34.6335
07-05-2024,34.6993
08-05-2024,34.6708
09-05-2024,34.6075
10-05-2024,34.5334
13-05-2024,34.66
14-05-2024,34.6591
15-05-2024,34.7388
16-05-2024,34.8985
17-05-2024,34.9622
20-05-2024,34.9265
21-05-2024,34.9565
22-05-2024,34.9438
23-05-2024,34.8394
24-05-2024,34.8413
27-05-2024,34.8089
28-05-2024,34.882
29-05-2024,34.9383
30-05-2024,34.918
31-05-2024,34.8654
03-06-2024,34.8283
04-06-2024,34.8607
05-06-2024,35.1019
06-06-2024,35.2869
07-06-2024,34.9997
10-06-2024,35.0641
11-06-2024,34.8022
12-06-2024,34.7345
13-06-2024,34.7349
14-06-2024,34.8106
20-06-2024,34.7319
21-06-2024,34.929
24-06-2024,35.0464
25-06-2024,35.1702
26-06-2024,35.2869
27-06-2024,35.1801
28-06-2024,35.1212
01-07-2024,35.1284
02-07-2024,35.0939
03-07-2024,34.9759
04-07-2024,34.9499
05-07-2024,35.0933
08-07-2024,35.3205
09-07-2024,35.3604
10-07-2024,35.4241
11-07-2024,35.5812
12-07-2024,35.6229
16-07-2024,35.8082
17-07-2024,35.9882
18-07-2024,36.0984
19-07-2024,36.1143
22-07-2024,35.9251
23-07-2024,35.8679
24-07-2024,35.7444
25-07-2024,35.5656
26-07-2024,35.7759
29-07-2024,35.7732
30-07-2024,35.711
31-07-2024,35.7612
01-08-2024,35.8145
02-08-2024,35.7005
05-08-2024,35.7726
06-08-2024,36.3998
07-08-2024,36.4783
08-08-2024,36.5731
09-08-2024,36.5702
12-08-2024,36.5382
13-08-2024,36.5777
14-08-2024,36.5968
15-08-2024,36.886
16-08-2024,36.9715
19-08-2024,36.9281
20-08-2024,37.1497
21-08-2024,37.3963
22-08-2024,37.6305
23-08-2024,37.7158
26-08-2024,37.6852
27-08-2024,37.9171
28-08-2024,37.9118
29-08-2024,37.8261
02-09-2024,37.6723
03-09-2024,37.5346
04-09-2024,37.4322
05-09-2024,37.5501
06-09-2024,37.616
09-09-2024,37.6683
10-09-2024,37.5419
11-09-2024,37.5231
12-09-2024,37.4837
13-09-2024,37.3343
16-09-2024,37.4964
17-09-2024,37.6852
18-09-2024,37.8255
19-09-2024,37.8693
20-09-2024,37.9182
23-09-2024,37.9058
24-09-2024,37.8615
25-09-2024,37.9305
26-09-2024,38.1426
27-09-2024,38.0092
30-09-2024,38.018
01-10-2024,38.1714
02-10-2024,37.889
03-10-2024,37.808
04-10-2024,37.6544
07-10-2024,37.6516
08-10-2024,37.4998
09-10-2024,37.5932
10-10-2024,37.4829
11-10-2024,37.3463
14-10-2024,37.373
15-10-2024,37.3644
16-10-2024,37.2908
17-10-2024,37.1938
18-10-2024,37.0392
21-10-2024,37.0621
22-10-2024,37.0871
23-10-2024,37.0035
24-10-2024,36.8722
25-10-2024,36.9095
28-10-2024,36.9993
30-10-2024,36.9993
31-10-2024,37.0474
01-11-2024,37.1235
04-11-2024,37.1848
05-11-2024,37.3528
06-11-2024,37.3363
07-11-2024,36.7154
08-11-2024,36.7576
11-11-2024,36.9321
12-11-2024,36.6384
13-11-2024,36.4642
14-11-2024,36.4323
15-11-2024,36.1255
18-11-2024,36.2766
19-11-2024,36.3227
20-11-2024,36.4813
21-11-2024,36.3826
22-11-2024,36.2759
25-11-2024,35.9849
26-11-2024,36.1612
27-11-2024,36.2891
28-11-2024,36.3371
29-11-2024,36.4509
02-12-2024,36.5473
03-12-2024,36.4313
04-12-2024,36.4494
05-12-2024,36.439
06-12-2024,36.5136
