Tarih,TP_DK_JPY_S_YTL
20-09-2016,2.93
21-09-2016,2.935
22-09-2016,2.9382
23-09-2016,2.9389
26-09-2016,2.9339
27-09-2016,2.9802
28-09-2016,2.9684
29-09-2016,2.9689
30-09-2016,2.9646
03-10-2016,2.9813
04-10-2016,2.9754
05-10-2016,2.9706
06-10-2016,2.9776
07-10-2016,2.9563
10-10-2016,2.9517
11-10-2016,2.975
12-10-2016,2.9789
13-10-2016,2.9857
14-10-2016,2.9933
17-10-2016,2.9742
18-10-2016,2.9858
19-10-2016,2.9872
20-10-2016,2.9879
21-10-2016,2.9704
24-10-2016,2.9732
25-10-2016,2.9694
26-10-2016,2.9581
27-10-2016,2.9662
28-10-2016,2.9734
31-10-2016,2.9734
01-11-2016,2.9681
02-11-2016,2.9651
03-11-2016,3.0172
04-11-2016,3.0374
07-11-2016,3.0539
08-11-2016,3.0311
09-11-2016,3.0488
10-11-2016,3.1027
11-11-2016,3.0345
14-11-2016,3.0746
15-11-2016,3.0548
16-11-2016,3.0363
17-11-2016,3.0318
18-11-2016,3.0486
21-11-2016,3.0748
22-11-2016,3.0585
23-11-2016,3.0425
24-11-2016,3.0597
25-11-2016,3.0236
28-11-2016,3.0563
29-11-2016,3.0622
30-11-2016,3.054
01-12-2016,3.038
02-12-2016,3.0318
05-12-2016,3.092
06-12-2016,3.1119
07-12-2016,3.0913
08-12-2016,3.0182
09-12-2016,2.9796
12-12-2016,3.0261
13-12-2016,3.0497
14-12-2016,3.0237
15-12-2016,3.036
16-12-2016,2.9939
19-12-2016,2.9698
20-12-2016,2.9904
21-12-2016,2.9893
22-12-2016,2.9993
23-12-2016,2.9929
26-12-2016,3.0006
27-12-2016,3.005
28-12-2016,3.0081
29-12-2016,3.016
30-12-2016,3.0464
02-01-2017,3.0224
03-01-2017,3.0264
04-01-2017,3.042
05-01-2017,3.0492
06-01-2017,3.1018
09-01-2017,3.1268
10-01-2017,3.1739
11-01-2017,3.2611
12-01-2017,3.3296
13-01-2017,3.3798
16-01-2017,3.3263
17-01-2017,3.3097
18-01-2017,3.3567
19-01-2017,3.3471
20-01-2017,3.3234
23-01-2017,3.3338
24-01-2017,3.3318
25-01-2017,3.3261
26-01-2017,3.3623
27-01-2017,3.3787
30-01-2017,3.3824
31-01-2017,3.3559
01-02-2017,3.3452
02-02-2017,3.3441
03-02-2017,3.3316
06-02-2017,3.3217
07-02-2017,3.2809
08-02-2017,3.3198
09-02-2017,3.345
10-02-2017,3.3127
13-02-2017,3.2475
14-02-2017,3.257
15-02-2017,3.2304
16-02-2017,3.1986
17-02-2017,3.2405
20-02-2017,3.2548
21-02-2017,3.2145
22-02-2017,3.1988
23-02-2017,3.2021
24-02-2017,3.1713
27-02-2017,3.184
28-02-2017,3.2107
01-03-2017,3.225
02-03-2017,3.2109
03-03-2017,3.2369
06-03-2017,3.2694
07-03-2017,3.2767
08-03-2017,3.2475
09-03-2017,3.2637
10-03-2017,3.2857
13-03-2017,3.2604
14-03-2017,3.2767
15-03-2017,3.2688
16-03-2017,3.2661
17-03-2017,3.252
20-03-2017,3.1971
21-03-2017,3.2298
22-03-2017,3.2182
23-03-2017,3.2694
24-03-2017,3.2658
27-03-2017,3.2687
28-03-2017,3.2728
29-03-2017,3.2843
30-03-2017,3.2939
31-03-2017,3.2882
03-04-2017,3.2649
04-04-2017,3.2785
05-04-2017,3.3125
06-04-2017,3.3326
07-04-2017,3.363
10-04-2017,3.3776
11-04-2017,3.3626
12-04-2017,3.3733
13-04-2017,3.3664
14-04-2017,3.3667
17-04-2017,3.394
18-04-2017,3.3902
19-04-2017,3.398
20-04-2017,3.378
21-04-2017,3.3513
24-04-2017,3.3477
25-04-2017,3.2747
26-04-2017,3.2595
27-04-2017,3.2349
28-04-2017,3.2096
02-05-2017,3.2017
03-05-2017,3.1635
04-05-2017,3.1619
05-05-2017,3.1526
08-05-2017,3.1825
09-05-2017,3.1637
10-05-2017,3.1734
11-05-2017,3.1733
12-05-2017,3.1452
15-05-2017,3.1667
16-05-2017,3.1452
17-05-2017,3.136
18-05-2017,3.1753
22-05-2017,3.2752
23-05-2017,3.2108
24-05-2017,3.2206
25-05-2017,3.2001
26-05-2017,3.1962
29-05-2017,3.2231
30-05-2017,3.2248
31-05-2017,3.2249
01-06-2017,3.2
02-06-2017,3.1925
05-06-2017,3.1765
06-06-2017,3.1853
07-06-2017,3.2361
08-06-2017,3.2309
09-06-2017,3.2345
12-06-2017,3.2039
13-06-2017,3.2117
14-06-2017,3.2074
15-06-2017,3.2019
16-06-2017,3.2057
19-06-2017,3.1694
20-06-2017,3.1674
21-06-2017,3.1687
22-06-2017,3.1915
23-06-2017,3.1782
28-06-2017,3.1594
29-06-2017,3.1526
30-06-2017,3.1304
03-07-2017,3.1535
04-07-2017,3.1413
05-07-2017,3.1508
06-07-2017,3.1663
07-07-2017,3.2108
10-07-2017,3.2052
11-07-2017,3.1693
12-07-2017,3.1892
13-07-2017,3.1882
14-07-2017,3.1665
17-07-2017,3.1581
18-07-2017,3.1565
19-07-2017,3.1568
20-07-2017,3.1608
21-07-2017,3.1579
24-07-2017,3.1746
25-07-2017,3.2121
26-07-2017,3.2109
27-07-2017,3.1944
28-07-2017,3.1819
31-07-2017,3.1877
01-08-2017,3.1983
02-08-2017,3.2005
03-08-2017,3.2002
04-08-2017,3.2122
07-08-2017,3.219
08-08-2017,3.1986
09-08-2017,3.2054
10-08-2017,3.2355
11-08-2017,3.2291
14-08-2017,3.2616
15-08-2017,3.2276
16-08-2017,3.2093
17-08-2017,3.1972
18-08-2017,3.2098
21-08-2017,3.2418
22-08-2017,3.2332
23-08-2017,3.212
24-08-2017,3.2097
25-08-2017,3.1948
28-08-2017,3.1854
29-08-2017,3.1682
31-08-2017,3.1827
05-09-2017,3.1827
06-09-2017,3.1576
07-09-2017,3.1756
08-09-2017,3.1528
11-09-2017,3.1789
12-09-2017,3.1436
13-09-2017,3.1368
14-09-2017,3.1341
15-09-2017,3.1403
18-09-2017,3.1059
19-09-2017,3.1151
20-09-2017,3.1397
21-09-2017,3.1344
22-09-2017,3.1322
25-09-2017,3.126
26-09-2017,3.1482
27-09-2017,3.1763
28-09-2017,3.174
29-09-2017,3.1805
02-10-2017,3.1704
03-10-2017,3.1816
04-10-2017,3.1786
05-10-2017,3.1808
06-10-2017,3.1819
09-10-2017,3.2038
10-10-2017,3.2949
11-10-2017,3.2875
12-10-2017,3.2875
13-10-2017,3.2588
16-10-2017,3.2683
17-10-2017,3.2701
18-10-2017,3.2714
19-10-2017,3.2759
20-10-2017,3.262
23-10-2017,3.2442
24-10-2017,3.2626
25-10-2017,3.2777
26-10-2017,3.2851
27-10-2017,3.3268
30-10-2017,3.3598
31-10-2017,3.3314
01-11-2017,3.3491
02-11-2017,3.3556
03-11-2017,3.3524
06-11-2017,3.3626
07-11-2017,3.394
08-11-2017,3.3889
09-11-2017,3.4271
10-11-2017,3.4099
13-11-2017,3.4203
14-11-2017,3.4237
15-11-2017,3.4138
16-11-2017,3.4556
17-11-2017,3.4325
20-11-2017,3.4608
21-11-2017,3.4818
22-11-2017,3.5278
23-11-2017,3.5479
24-11-2017,3.5368
27-11-2017,3.5471
28-11-2017,3.5445
29-11-2017,3.5384
30-11-2017,3.558
01-12-2017,3.5215
04-12-2017,3.5112
05-12-2017,3.4857
06-12-2017,3.4461
07-12-2017,3.4493
08-12-2017,3.4418
11-12-2017,3.4102
12-12-2017,3.3889
13-12-2017,3.3882
14-12-2017,3.4003
15-12-2017,3.4138
18-12-2017,3.4547
19-12-2017,3.4332
20-12-2017,3.4209
21-12-2017,3.4036
22-12-2017,3.3817
25-12-2017,3.376
26-12-2017,3.3769
27-12-2017,3.3704
28-12-2017,3.3882
29-12-2017,3.3918
02-01-2018,3.3642
03-01-2018,3.3643
04-01-2018,3.3638
05-01-2018,3.354
08-01-2018,3.323
09-01-2018,3.3224
10-01-2018,3.3434
11-01-2018,3.4011
12-01-2018,3.409
15-01-2018,3.3973
16-01-2018,3.4103
17-01-2018,3.4606
18-01-2018,3.4581
19-01-2018,3.4269
22-01-2018,3.4278
23-01-2018,3.454
24-01-2018,3.4336
25-01-2018,3.4371
26-01-2018,3.4462
29-01-2018,3.439
30-01-2018,3.4823
31-01-2018,3.4921
01-02-2018,3.4671
02-02-2018,3.4417
05-02-2018,3.4247
06-02-2018,3.4396
07-02-2018,3.4794
08-02-2018,3.4711
09-02-2018,3.4865
12-02-2018,3.5086
13-02-2018,3.518
14-02-2018,3.5381
15-02-2018,3.5511
16-02-2018,3.5574
19-02-2018,3.5553
20-02-2018,3.5371
21-02-2018,3.5358
22-02-2018,3.5329
23-02-2018,3.5533
26-02-2018,3.5516
27-02-2018,3.5562
28-02-2018,3.5509
01-03-2018,3.5627
02-03-2018,3.5822
05-03-2018,3.6147
06-03-2018,3.6305
07-03-2018,3.5967
08-03-2018,3.6091
09-03-2018,3.6067
12-03-2018,3.5903
13-03-2018,3.5946
14-03-2018,3.6172
15-03-2018,3.6383
16-03-2018,3.6826
19-03-2018,3.7077
20-03-2018,3.7294
21-03-2018,3.7148
22-03-2018,3.7094
23-03-2018,3.7135
26-03-2018,3.7899
27-03-2018,3.7981
28-03-2018,3.7792
29-03-2018,3.7931
30-03-2018,3.7632
02-04-2018,3.7344
03-04-2018,3.7389
04-04-2018,3.7627
05-04-2018,3.7876
06-04-2018,3.7773
09-04-2018,3.7901
10-04-2018,3.8031
11-04-2018,3.8193
12-04-2018,3.8922
13-04-2018,3.8753
16-04-2018,3.805
17-04-2018,3.8358
18-04-2018,3.8453
19-04-2018,3.835
20-04-2018,3.767
24-04-2018,3.7641
25-04-2018,3.7688
26-04-2018,3.75
27-04-2018,3.7372
30-04-2018,3.723
02-05-2018,3.7126
03-05-2018,3.7681
04-05-2018,3.8426
07-05-2018,3.9185
08-05-2018,3.9111
09-05-2018,3.9456
10-05-2018,3.9248
11-05-2018,3.9035
14-05-2018,3.9112
15-05-2018,3.9611
16-05-2018,4.0141
17-05-2018,4.0638
18-05-2018,4.0315
21-05-2018,4.0419
22-05-2018,4.1077
23-05-2018,4.1422
24-05-2018,4.4293
25-05-2018,4.307
28-05-2018,4.332
29-05-2018,4.2189
30-05-2018,4.2408
31-05-2018,4.1376
01-06-2018,4.1346
04-06-2018,4.2214
05-06-2018,4.2423
06-06-2018,4.2144
07-06-2018,4.2034
08-06-2018,4.1541
11-06-2018,4.1339
12-06-2018,4.1208
13-06-2018,4.1433
14-06-2018,4.221
18-06-2018,4.221
19-06-2018,4.2848
20-06-2018,4.3481
21-06-2018,4.3303
22-06-2018,4.3182
25-06-2018,4.2933
26-06-2018,4.2548
27-06-2018,4.28
28-06-2018,4.2358
29-06-2018,4.1966
02-07-2018,4.139
03-07-2018,4.1906
04-07-2018,4.215
05-07-2018,4.2714
06-07-2018,4.2134
09-07-2018,4.1763
10-07-2018,4.1189
11-07-2018,4.2493
12-07-2018,4.2908
13-07-2018,4.3034
16-07-2018,4.3166
17-07-2018,4.32
18-07-2018,4.3202
19-07-2018,4.257
20-07-2018,4.2877
23-07-2018,4.2888
24-07-2018,4.298
25-07-2018,4.315
26-07-2018,4.3853
27-07-2018,4.3685
30-07-2018,4.3887
31-07-2018,4.4163
01-08-2018,4.4155
02-08-2018,4.4131
03-08-2018,4.5467
06-08-2018,4.5657
07-08-2018,4.6417
08-08-2018,4.7515
09-08-2018,4.7772
10-08-2018,4.8798
13-08-2018,5.3779
14-08-2018,6.2602
15-08-2018,5.923
16-08-2018,5.5407
17-08-2018,5.254
20-08-2018,5.4415
27-08-2018,5.4415
28-08-2018,5.5943
29-08-2018,5.6212
31-08-2018,5.7842
03-09-2018,5.9349
04-09-2018,5.989
05-09-2018,6.022
06-09-2018,6.0167
07-09-2018,5.9412
10-09-2018,5.8657
11-09-2018,5.8351
12-09-2018,5.8161
13-09-2018,5.7595
14-09-2018,5.7254
17-09-2018,5.4465
18-09-2018,5.6144
19-09-2018,5.7022
20-09-2018,5.6397
21-09-2018,5.613
24-09-2018,5.583
25-09-2018,5.5544
26-09-2018,5.448
27-09-2018,5.4472
28-09-2018,5.4117
01-10-2018,5.3033
02-10-2018,5.256
03-10-2018,5.304
04-10-2018,5.3185
05-10-2018,5.3804
08-10-2018,5.4276
09-10-2018,5.4435
10-10-2018,5.4253
11-10-2018,5.4033
12-10-2018,5.3529
15-10-2018,5.2787
16-10-2018,5.221
17-10-2018,5.1782
18-10-2018,5.0836
19-10-2018,4.9528
22-10-2018,5.0145
23-10-2018,5.0285
24-10-2018,5.1603
25-10-2018,5.0996
26-10-2018,5.0799
30-10-2018,5.0367
31-10-2018,4.9134
01-11-2018,4.88
02-11-2018,4.9541
05-11-2018,4.8576
06-11-2018,4.83
07-11-2018,4.7367
08-11-2018,4.7561
09-11-2018,4.7784
12-11-2018,4.8355
13-11-2018,4.8235
14-11-2018,4.8224
15-11-2018,4.8169
16-11-2018,4.7949
19-11-2018,4.7335
20-11-2018,4.7411
21-11-2018,4.7568
22-11-2018,4.7565
23-11-2018,4.714
26-11-2018,4.6959
27-11-2018,4.6512
28-11-2018,4.6294
29-11-2018,4.6314
30-11-2018,4.577
03-12-2018,4.5642
04-12-2018,4.5927
05-12-2018,4.6897
06-12-2018,4.7746
07-12-2018,4.7712
10-12-2018,4.7407
11-12-2018,4.7074
12-12-2018,4.7507
13-12-2018,4.7478
14-12-2018,4.7459
17-12-2018,4.7495
18-12-2018,4.7628
19-12-2018,4.7782
20-12-2018,4.7646
21-12-2018,4.7251
24-12-2018,4.7624
25-12-2018,4.7852
26-12-2018,4.829
27-12-2018,4.8005
28-12-2018,4.7895
31-12-2018,4.7862
02-01-2019,4.8147
03-01-2019,4.9073
04-01-2019,5.0999
07-01-2019,5.0287
08-01-2019,4.972
09-01-2019,5.0061
10-01-2019,5.0696
11-01-2019,5.0788
14-01-2019,5.0286
15-01-2019,5.1171
16-01-2019,5.0324
17-01-2019,4.9943
18-01-2019,4.9433
21-01-2019,4.9021
22-01-2019,4.8894
23-01-2019,4.9046
24-01-2019,4.8676
25-01-2019,4.8268
28-01-2019,4.8138
29-01-2019,4.8429
30-01-2019,4.8978
31-01-2019,4.8468
01-02-2019,4.8151
04-02-2019,4.7897
05-02-2019,4.7714
06-02-2019,4.7487
07-02-2019,4.7686
08-02-2019,4.7873
11-02-2019,4.7961
12-02-2019,4.7934
13-02-2019,4.7811
14-02-2019,4.7575
15-02-2019,4.7809
18-02-2019,4.7851
19-02-2019,4.8072
20-02-2019,4.8103
21-02-2019,4.7988
22-02-2019,4.8186
25-02-2019,4.8183
26-02-2019,4.814
27-02-2019,4.7968
28-02-2019,4.8108
01-03-2019,4.8205
04-03-2019,4.7978
05-03-2019,4.8269
06-03-2019,4.8149
07-03-2019,4.8297
08-03-2019,4.8817
11-03-2019,4.9305
12-03-2019,4.9068
13-03-2019,4.9024
14-03-2019,4.9177
15-03-2019,4.9133
18-03-2019,4.9062
19-03-2019,4.9121
20-03-2019,4.9315
21-03-2019,4.9242
22-03-2019,4.944
25-03-2019,5.0202
26-03-2019,5.1491
27-03-2019,5.0036
28-03-2019,4.8449
29-03-2019,5.0481
01-04-2019,5.104
02-04-2019,5.0644
03-04-2019,5.0106
04-04-2019,5.0496
05-04-2019,5.0745
08-04-2019,5.0277
09-04-2019,5.1063
10-04-2019,5.1042
11-04-2019,5.1246
12-04-2019,5.1609
15-04-2019,5.1888
16-04-2019,5.1899
17-04-2019,5.1954
18-04-2019,5.1489
19-04-2019,5.2137
22-04-2019,5.1968
24-04-2019,5.2269
25-04-2019,5.2615
26-04-2019,5.29
29-04-2019,5.3249
30-04-2019,5.3284
02-05-2019,5.3723
03-05-2019,5.3636
06-05-2019,5.3683
07-05-2019,5.4325
08-05-2019,5.581
09-05-2019,5.6202
10-05-2019,5.6743
13-05-2019,5.5912
14-05-2019,5.5698
15-05-2019,5.5347
16-05-2019,5.554
17-05-2019,5.4992
20-05-2019,5.5376
21-05-2019,5.5125
22-05-2019,5.5051
23-05-2019,5.526
24-05-2019,5.5842
27-05-2019,5.558
28-05-2019,5.5441
29-05-2019,5.5442
30-05-2019,5.5274
31-05-2019,5.4213
03-06-2019,5.4103
07-06-2019,5.4103
10-06-2019,5.4002
11-06-2019,5.3678
12-06-2019,5.3404
13-06-2019,5.3774
14-06-2019,5.3973
17-06-2019,5.4589
18-06-2019,5.4269
19-06-2019,5.4175
20-06-2019,5.4217
21-06-2019,5.3425
24-06-2019,5.4121
25-06-2019,5.3731
26-06-2019,5.4318
27-06-2019,5.3793
28-06-2019,5.365
01-07-2019,5.367
02-07-2019,5.2653
03-07-2019,5.2558
04-07-2019,5.2496
05-07-2019,5.2108
08-07-2019,5.2058
09-07-2019,5.2995
10-07-2019,5.2702
11-07-2019,5.2897
12-07-2019,5.2647
16-07-2019,5.275
17-07-2019,5.3025
18-07-2019,5.281
19-07-2019,5.3029
22-07-2019,5.2534
23-07-2019,5.2758
24-07-2019,5.273
25-07-2019,5.3097
26-07-2019,5.2947
29-07-2019,5.2278
30-07-2019,5.2016
31-07-2019,5.1515
01-08-2019,5.1087
02-08-2019,5.1389
05-08-2019,5.2427
06-08-2019,5.2621
07-08-2019,5.2192
08-08-2019,5.1873
09-08-2019,5.1816
15-08-2019,5.1995
16-08-2019,5.2744
19-08-2019,5.2342
20-08-2019,5.2582
21-08-2019,5.3841
22-08-2019,5.383
23-08-2019,5.4232
26-08-2019,5.4178
27-08-2019,5.5081
28-08-2019,5.5321
29-08-2019,5.5064
02-09-2019,5.4991
03-09-2019,5.4838
04-09-2019,5.4638
05-09-2019,5.3566
06-09-2019,5.3474
09-09-2019,5.3431
10-09-2019,5.3709
11-09-2019,5.3857
12-09-2019,5.3793
13-09-2019,5.3325
16-09-2019,5.2699
17-09-2019,5.3215
18-09-2019,5.3126
19-09-2019,5.27
20-09-2019,5.2932
23-09-2019,5.2925
24-09-2019,5.3416
25-09-2019,5.2932
26-09-2019,5.3216
27-09-2019,5.2864
30-09-2019,5.264
01-10-2019,5.2521
02-10-2019,5.2609
03-10-2019,5.3437
04-10-2019,5.3294
07-10-2019,5.352
08-10-2019,5.3895
09-10-2019,5.4536
10-10-2019,5.4542
11-10-2019,5.4876
14-10-2019,5.4253
15-10-2019,5.4845
16-10-2019,5.4588
17-10-2019,5.4421
18-10-2019,5.4284
21-10-2019,5.3327
22-10-2019,5.3764
23-10-2019,5.3924
24-10-2019,5.3462
25-10-2019,5.306
28-10-2019,5.3241
30-10-2019,5.3241
31-10-2019,5.2924
01-11-2019,5.2861
04-11-2019,5.3176
05-11-2019,5.2664
06-11-2019,5.2856
07-11-2019,5.2959
08-11-2019,5.2849
11-11-2019,5.2749
12-11-2019,5.318
13-11-2019,5.302
14-11-2019,5.3039
15-11-2019,5.3199
18-11-2019,5.3134
19-11-2019,5.2812
20-11-2019,5.2788
21-11-2019,5.2747
22-11-2019,5.2623
25-11-2019,5.2646
26-11-2019,5.276
27-11-2019,5.2892
28-11-2019,5.2927
29-11-2019,5.2832
02-12-2019,5.2622
03-12-2019,5.2604
04-12-2019,5.2844
05-12-2019,5.304
06-12-2019,5.301
09-12-2019,5.3139
10-12-2019,5.3584
11-12-2019,5.3622
12-12-2019,5.3562
13-12-2019,5.3494
16-12-2019,5.2875
17-12-2019,5.3542
18-12-2019,5.366
19-12-2019,5.4122
20-12-2019,5.4318
23-12-2019,5.429
24-12-2019,5.443
25-12-2019,5.4489
26-12-2019,5.4429
27-12-2019,5.4358
30-12-2019,5.4452
31-12-2019,5.4651
02-01-2020,5.4923
03-01-2020,5.4905
06-01-2020,5.5422
07-01-2020,5.5457
08-01-2020,5.5199
09-01-2020,5.5126
10-01-2020,5.399
13-01-2020,5.3795
14-01-2020,5.3551
15-01-2020,5.3681
16-01-2020,5.3756
17-01-2020,5.3578
20-01-2020,5.3377
21-01-2020,5.3761
22-01-2020,5.4047
23-01-2020,5.4133
24-01-2020,5.4211
27-01-2020,5.4333
28-01-2020,5.4715
29-01-2020,5.4694
30-01-2020,5.4688
31-01-2020,5.5068
03-02-2020,5.5029
04-02-2020,5.5286
05-02-2020,5.5015
06-02-2020,5.4783
07-02-2020,5.4632
10-02-2020,5.4635
11-02-2020,5.4839
12-02-2020,5.5082
13-02-2020,5.499
14-02-2020,5.5323
17-02-2020,5.5304
18-02-2020,5.5163
19-02-2020,5.5437
20-02-2020,5.5191
21-02-2020,5.462
24-02-2020,5.4812
25-02-2020,5.533
26-02-2020,5.5595
27-02-2020,5.5919
28-02-2020,5.619
02-03-2020,5.7492
03-03-2020,5.7838
04-03-2020,5.7599
05-03-2020,5.6912
06-03-2020,5.6981
09-03-2020,5.7861
10-03-2020,5.9892
11-03-2020,5.8743
12-03-2020,5.887
13-03-2020,6.0257
16-03-2020,5.935
17-03-2020,6.0221
18-03-2020,6.068
19-03-2020,6.0362
20-03-2020,5.9916
23-03-2020,5.9227
24-03-2020,5.9907
25-03-2020,5.8988
26-03-2020,5.7748
27-03-2020,5.8859
30-03-2020,5.9397
31-03-2020,6.0626
01-04-2020,6.081
02-04-2020,6.2012
03-04-2020,6.2376
06-04-2020,6.2019
07-04-2020,6.2154
08-04-2020,6.21
09-04-2020,6.2464
10-04-2020,6.2148
13-04-2020,6.1947
14-04-2020,6.292
15-04-2020,6.3279
16-04-2020,6.4094
17-04-2020,6.438
20-04-2020,6.4412
21-04-2020,6.4388
22-04-2020,6.5069
24-04-2020,6.5036
27-04-2020,6.4911
28-04-2020,6.5297
29-04-2020,6.5641
30-04-2020,6.5808
04-05-2020,6.5675
05-05-2020,6.5972
06-05-2020,6.6356
07-05-2020,6.7394
08-05-2020,6.8134
11-05-2020,6.6992
12-05-2020,6.6196
13-05-2020,6.5508
14-05-2020,6.5467
15-05-2020,6.5311
18-05-2020,6.4752
20-05-2020,6.4221
21-05-2020,6.328
22-05-2020,6.3266
27-05-2020,6.3461
28-05-2020,6.307
29-05-2020,6.3257
01-06-2020,6.3834
02-06-2020,6.3516
03-06-2020,6.3183
04-06-2020,6.2171
05-06-2020,6.2168
08-06-2020,6.2092
09-06-2020,6.213
10-06-2020,6.3076
11-06-2020,6.3401
12-06-2020,6.3669
15-06-2020,6.376
16-06-2020,6.3836
17-06-2020,6.3837
18-06-2020,6.3915
19-06-2020,6.4253
22-06-2020,6.4281
23-06-2020,6.4257
24-06-2020,6.4186
25-06-2020,6.4508
26-06-2020,6.4086
29-06-2020,6.4231
30-06-2020,6.4095
01-07-2020,6.3794
02-07-2020,6.3896
03-07-2020,6.3944
06-07-2020,6.3921
07-07-2020,6.3916
08-07-2020,6.3901
09-07-2020,6.3984
10-07-2020,6.4141
13-07-2020,6.4411
14-07-2020,6.4289
16-07-2020,6.411
17-07-2020,6.4208
20-07-2020,6.4134
21-07-2020,6.412
22-07-2020,6.4052
23-07-2020,6.4192
24-07-2020,6.4056
27-07-2020,6.4558
28-07-2020,6.5126
29-07-2020,6.5592
30-07-2020,6.6368
04-08-2020,6.6368
05-08-2020,6.5674
06-08-2020,6.6379
07-08-2020,6.8112
10-08-2020,6.9081
11-08-2020,6.9138
12-08-2020,6.8598
13-08-2020,6.8495
14-08-2020,6.8782
17-08-2020,6.9099
18-08-2020,6.953
19-08-2020,7.0105
20-08-2020,7.002
21-08-2020,6.9128
24-08-2020,6.8612
25-08-2020,6.9648
26-08-2020,6.9589
27-08-2020,6.9405
28-08-2020,6.9295
31-08-2020,6.9366
01-09-2020,6.9501
02-09-2020,6.9714
03-09-2020,6.9594
04-09-2020,6.9872
07-09-2020,7.011
08-09-2020,7.0285
09-09-2020,7.0425
10-09-2020,7.0728
11-09-2020,7.057
14-09-2020,7.0344
15-09-2020,7.0758
16-09-2020,7.0948
17-09-2020,7.1289
18-09-2020,7.2056
21-09-2020,7.2429
22-09-2020,7.3006
23-09-2020,7.3237
24-09-2020,7.3196
25-09-2020,7.303
28-09-2020,7.1968
29-09-2020,7.3875
30-09-2020,7.4237
01-10-2020,7.3679
02-10-2020,7.3216
05-10-2020,7.3807
06-10-2020,7.3499
07-10-2020,7.3636
08-10-2020,7.4174
09-10-2020,7.4779
12-10-2020,7.4979
13-10-2020,7.4874
14-10-2020,7.5017
15-10-2020,7.5449
16-10-2020,7.5471
19-10-2020,7.5485
20-10-2020,7.5081
21-10-2020,7.4916
22-10-2020,7.4794
23-10-2020,7.4871
26-10-2020,7.6142
27-10-2020,7.6862
28-10-2020,7.7887
30-10-2020,7.7887
02-11-2020,7.9921
03-11-2020,8.0263
04-11-2020,8.112
05-11-2020,8.1027
06-11-2020,8.1316
09-11-2020,8.2186
10-11-2020,7.9193
11-11-2020,7.861
12-11-2020,7.665
13-11-2020,7.4267
16-11-2020,7.2947
17-11-2020,7.3683
18-11-2020,7.4479
19-11-2020,7.4606
20-11-2020,7.4076
23-11-2020,7.3306
24-11-2020,7.5089
25-11-2020,7.6185
26-11-2020,7.6352
27-11-2020,7.6025
30-11-2020,7.5241
01-12-2020,7.5177
02-12-2020,7.5471
03-12-2020,7.4937
04-12-2020,7.5543
07-12-2020,7.515
08-12-2020,7.5531
09-12-2020,7.5346
10-12-2020,7.5402
11-12-2020,7.544
14-12-2020,7.6562
15-12-2020,7.6111
16-12-2020,7.5614
17-12-2020,7.5646
18-12-2020,7.5471
21-12-2020,7.4651
22-12-2020,7.4386
23-12-2020,7.4162
24-12-2020,7.4104
25-12-2020,7.3839
28-12-2020,7.3275
29-12-2020,7.2503
30-12-2020,7.1745
31-12-2020,7.14
04-01-2021,7.228
05-01-2021,7.1862
06-01-2021,7.2098
07-01-2021,7.1603
08-01-2021,7.0581
11-01-2021,7.1029
12-01-2021,7.1786
13-01-2021,7.1905
14-01-2021,7.1853
15-01-2021,7.1341
18-01-2021,7.1537
19-01-2021,7.2535
20-01-2021,7.191
21-01-2021,7.196
22-01-2021,7.1679
25-01-2021,7.167
26-01-2021,7.1421
27-01-2021,7.1444
28-01-2021,7.1188
29-01-2021,7.0983
01-02-2021,7.0242
02-02-2021,6.9151
03-02-2021,6.8281
04-02-2021,6.8342
05-02-2021,6.8054
08-02-2021,6.7378
09-02-2021,6.7212
10-02-2021,6.7919
11-02-2021,6.7674
12-02-2021,6.7547
15-02-2021,6.7124
16-02-2021,6.6516
17-02-2021,6.5886
18-02-2021,6.6373
19-02-2021,6.6018
22-02-2021,6.6297
23-02-2021,6.6455
24-02-2021,6.706
25-02-2021,6.7803
26-02-2021,6.8107
01-03-2021,6.9652
02-03-2021,6.8755
03-03-2021,6.8703
04-03-2021,6.8939
05-03-2021,6.9772
08-03-2021,6.9571
09-03-2021,7.0276
10-03-2021,7.0526
11-03-2021,7.0141
12-03-2021,6.8875
15-03-2021,6.9737
16-03-2021,6.935
17-03-2021,6.9026
18-03-2021,6.8992
19-03-2021,6.8671
22-03-2021,6.7082
23-03-2021,7.3015
24-03-2021,7.2165
25-03-2021,7.3642
26-03-2021,7.3112
29-03-2021,7.3283
30-03-2021,7.4386
31-03-2021,7.5823
01-04-2021,7.5557
02-04-2021,7.4074
05-04-2021,7.3039
06-04-2021,7.3908
07-04-2021,7.4081
08-04-2021,7.4703
09-04-2021,7.4761
12-04-2021,7.4559
13-04-2021,7.4961
14-04-2021,7.4695
15-04-2021,7.4402
16-04-2021,7.4351
19-04-2021,7.4342
20-04-2021,7.4729
21-04-2021,7.5026
22-04-2021,7.5623
26-04-2021,7.689
27-04-2021,7.7593
28-04-2021,7.6326
29-04-2021,7.5449
30-04-2021,7.5366
03-05-2021,7.5913
04-05-2021,7.6018
05-05-2021,7.6278
06-05-2021,7.6583
07-05-2021,7.6378
10-05-2021,7.6109
11-05-2021,7.6087
12-05-2021,7.6474
17-05-2021,7.6474
18-05-2021,7.6757
20-05-2021,7.6753
21-05-2021,7.7113
24-05-2021,7.7176
25-05-2021,7.7317
26-05-2021,7.749
27-05-2021,7.7783
28-05-2021,7.757
31-05-2021,7.811
01-06-2021,7.7802
02-06-2021,7.7938
03-06-2021,7.8715
04-06-2021,7.8871
07-06-2021,7.915
08-06-2021,7.9115
09-06-2021,7.8783
10-06-2021,7.8682
11-06-2021,7.8233
14-06-2021,7.6624
15-06-2021,7.6329
16-06-2021,7.7958
17-06-2021,7.782
18-06-2021,7.8258
21-06-2021,7.903
22-06-2021,7.9852
23-06-2021,7.9272
24-06-2021,7.7988
25-06-2021,7.8447
28-06-2021,7.8677
29-06-2021,7.9089
30-06-2021,7.9036
01-07-2021,7.8873
02-07-2021,7.8226
05-07-2021,7.8165
06-07-2021,7.8475
07-07-2021,7.8436
08-07-2021,7.8601
09-07-2021,7.9389
12-07-2021,7.9129
13-07-2021,7.8704
14-07-2021,7.8327
16-07-2021,7.8273
19-07-2021,7.7598
26-07-2021,7.7598
27-07-2021,7.8077
28-07-2021,7.8066
29-07-2021,7.8034
30-07-2021,7.7687
02-08-2021,7.7111
03-08-2021,7.6829
04-08-2021,7.6556
05-08-2021,7.7481
06-08-2021,7.8155
09-08-2021,7.8315
10-08-2021,7.8787
11-08-2021,7.837
12-08-2021,7.8199
13-08-2021,7.7964
16-08-2021,7.7718
17-08-2021,7.7763
18-08-2021,7.7302
19-08-2021,7.7496
20-08-2021,7.7908
23-08-2021,7.8074
24-08-2021,7.7204
25-08-2021,7.6974
26-08-2021,7.6639
27-08-2021,7.6201
31-08-2021,7.6386
01-09-2021,7.5892
02-09-2021,7.5437
03-09-2021,7.5434
06-09-2021,7.5746
07-09-2021,7.5645
08-09-2021,7.579
09-09-2021,7.6558
10-09-2021,7.7328
13-09-2021,7.6776
14-09-2021,7.7016
15-09-2021,7.6927
16-09-2021,7.7389
17-09-2021,7.749
20-09-2021,7.8245
21-09-2021,7.9343
22-09-2021,7.9117
23-09-2021,7.9182
24-09-2021,7.9089
27-09-2021,8.0213
28-09-2021,8.0019
29-09-2021,7.9892
30-09-2021,7.9752
01-10-2021,7.9636
04-10-2021,7.9921
05-10-2021,7.9964
06-10-2021,7.9888
07-10-2021,8.0183
08-10-2021,7.9888
11-10-2021,7.9873
12-10-2021,7.9507
13-10-2021,7.9768
14-10-2021,7.9788
15-10-2021,8.095
18-10-2021,8.0861
19-10-2021,8.1378
20-10-2021,8.1738
21-10-2021,8.1744
22-10-2021,8.1754
25-10-2021,8.4523
26-10-2021,8.6018
27-10-2021,8.3316
28-10-2021,8.3701
01-11-2021,8.3701
02-11-2021,8.3724
03-11-2021,8.4127
04-11-2021,8.5177
05-11-2021,8.5312
08-11-2021,8.5608
09-11-2021,8.5693
10-11-2021,8.6312
11-11-2021,8.6821
12-11-2021,8.7346
15-11-2021,8.7243
16-11-2021,8.7993
17-11-2021,8.9389
18-11-2021,9.0947
19-11-2021,9.4095
22-11-2021,9.6998
23-11-2021,9.8265
24-11-2021,10.6304
25-11-2021,11.0108
26-11-2021,10.4456
29-11-2021,10.6244
30-11-2021,11.21
01-12-2021,11.4977
02-12-2021,11.8033
03-12-2021,11.8999
06-12-2021,12.1215
07-12-2021,12.2205
08-12-2021,12.0767
09-12-2021,12.0532
10-12-2021,12.1555
13-12-2021,12.2225
14-12-2021,12.5909
15-12-2021,12.5278
16-12-2021,12.9207
17-12-2021,13.3829
20-12-2021,14.4459
21-12-2021,15.4571
22-12-2021,11.504
23-12-2021,10.9473
24-12-2021,10.0616
27-12-2021,10.2962
28-12-2021,9.9811
29-12-2021,10.3449
30-12-2021,10.6773
31-12-2021,11.3179
03-01-2022,11.6267
04-01-2022,11.6998
05-01-2022,11.4283
06-01-2022,11.5859
07-01-2022,11.8215
10-01-2022,11.9213
11-01-2022,11.9148
12-01-2022,11.9554
13-01-2022,11.9413
14-01-2022,11.8732
17-01-2022,11.9118
18-01-2022,11.8254
19-01-2022,11.8226
20-01-2022,11.9074
21-01-2022,11.8078
24-01-2022,11.8156
25-01-2022,11.8199
26-01-2022,11.8948
27-01-2022,11.884
28-01-2022,11.8746
31-01-2022,11.8214
01-02-2022,11.6559
02-02-2022,11.6904
03-02-2022,11.7769
04-02-2022,11.8676
07-02-2022,11.8187
08-02-2022,11.8142
09-02-2022,11.8506
10-02-2022,11.8035
11-02-2022,11.7439
14-02-2022,11.6781
15-02-2022,11.8002
16-02-2022,11.8247
17-02-2022,11.8202
18-02-2022,11.8638
21-02-2022,11.8689
22-02-2022,11.8966
23-02-2022,12.0178
24-02-2022,12.0283
25-02-2022,12.4659
28-02-2022,12.2242
01-03-2022,12.0188
02-03-2022,12.1345
03-03-2022,12.2373
04-03-2022,12.2446
07-03-2022,12.3347
08-03-2022,12.4847
09-03-2022,12.5778
10-03-2022,12.6607
11-03-2022,12.7686
14-03-2022,12.8075
15-03-2022,12.5775
16-03-2022,12.5526
17-03-2022,12.4576
18-03-2022,12.414
21-03-2022,12.4651
22-03-2022,12.4791
23-03-2022,12.3217
24-03-2022,12.2897
25-03-2022,12.2385
28-03-2022,12.2198
29-03-2022,11.9943
30-03-2022,12.0178
31-03-2022,12.072
01-04-2022,12.0705
04-04-2022,12.0177
05-04-2022,12.0213
06-04-2022,12.0146
07-04-2022,11.9303
08-04-2022,11.9475
11-04-2022,11.9125
12-04-2022,11.7826
13-04-2022,11.7243
14-04-2022,11.602
15-04-2022,11.6929
18-04-2022,11.6054
19-04-2022,11.6002
20-04-2022,11.4589
21-04-2022,11.4655
22-04-2022,11.4944
25-04-2022,11.5167
26-04-2022,11.5523
27-04-2022,11.6045
28-04-2022,11.6109
29-04-2022,11.3592
05-05-2022,11.4092
06-05-2022,11.4799
09-05-2022,11.4673
10-05-2022,11.4642
11-05-2022,11.7171
12-05-2022,11.8176
13-05-2022,11.972
16-05-2022,12.031
17-05-2022,12.0881
18-05-2022,12.2593
20-05-2022,12.3738
23-05-2022,12.4939
24-05-2022,12.4734
25-05-2022,12.6758
26-05-2022,12.8553
27-05-2022,12.9594
30-05-2022,12.9217
31-05-2022,12.9007
01-06-2022,12.8592
02-06-2022,12.7336
03-06-2022,12.7181
06-06-2022,12.7249
07-06-2022,12.7252
08-06-2022,12.6364
09-06-2022,12.833
10-06-2022,12.9287
13-06-2022,12.8015
14-06-2022,12.866
15-06-2022,12.8796
16-06-2022,12.8799
17-06-2022,13.009
20-06-2022,12.904
21-06-2022,12.8944
22-06-2022,12.8319
23-06-2022,12.7787
24-06-2022,12.8578
27-06-2022,12.9142
28-06-2022,12.3658
29-06-2022,12.2826
30-06-2022,12.2828
01-07-2022,12.277
04-07-2022,12.4027
05-07-2022,12.4553
06-07-2022,12.5061
07-07-2022,12.7493
08-07-2022,12.7491
13-07-2022,12.7491
14-07-2022,12.7391
18-07-2022,12.6165
19-07-2022,12.6903
20-07-2022,12.7981
21-07-2022,12.7622
22-07-2022,12.7716
25-07-2022,12.9424
26-07-2022,13.1026
27-07-2022,13.1069
28-07-2022,13.1151
29-07-2022,13.267
01-08-2022,13.5037
02-08-2022,13.6044
03-08-2022,13.7576
04-08-2022,13.5155
05-08-2022,13.428
08-08-2022,13.5282
09-08-2022,13.3424
10-08-2022,13.3465
11-08-2022,13.3427
12-08-2022,13.5893
15-08-2022,13.4962
16-08-2022,13.5095
17-08-2022,13.4496
18-08-2022,13.3629
19-08-2022,13.3482
22-08-2022,13.2807
23-08-2022,13.2721
24-08-2022,13.2394
25-08-2022,13.3185
26-08-2022,13.3496
29-08-2022,13.3126
31-08-2022,13.1564
01-09-2022,13.1614
02-09-2022,13.1101
05-09-2022,13.0249
06-09-2022,13.0132
07-09-2022,12.9083
08-09-2022,12.6746
09-09-2022,12.7266
12-09-2022,12.8653
13-09-2022,12.8187
14-09-2022,12.8669
15-09-2022,12.7731
16-09-2022,12.7661
19-09-2022,12.7848
20-09-2022,12.7843
21-09-2022,12.7842
22-09-2022,12.7732
23-09-2022,12.8418
26-09-2022,12.9312
27-09-2022,12.8473
28-09-2022,12.8352
29-09-2022,12.8282
30-09-2022,12.8409
03-10-2022,12.875
04-10-2022,12.8363
05-10-2022,12.8669
06-10-2022,12.9038
07-10-2022,12.8835
10-10-2022,12.8604
11-10-2022,12.8107
12-10-2022,12.797
13-10-2022,12.7389
14-10-2022,12.6997
17-10-2022,12.6238
18-10-2022,12.5343
19-10-2022,12.5062
20-10-2022,12.4732
21-10-2022,12.4425
24-10-2022,12.3572
25-10-2022,12.503
26-10-2022,12.5312
27-10-2022,12.679
28-10-2022,12.7741
31-10-2022,12.7741
01-11-2022,12.5895
02-11-2022,12.6575
03-11-2022,12.6903
04-11-2022,12.613
07-11-2022,12.633
08-11-2022,12.6996
09-11-2022,12.7373
10-11-2022,12.811
11-11-2022,12.7474
14-11-2022,13.2372
15-11-2022,13.327
16-11-2022,13.3819
17-11-2022,13.3852
18-11-2022,13.3748
21-11-2022,13.3467
22-11-2022,13.2101
23-11-2022,13.1979
24-11-2022,13.22
25-11-2022,13.4746
28-11-2022,13.4346
29-11-2022,13.5401
30-11-2022,13.5278
01-12-2022,13.4823
02-12-2022,13.7101
05-12-2022,13.9195
06-12-2022,13.8285
07-12-2022,13.666
08-12-2022,13.5921
09-12-2022,13.6668
12-12-2022,13.7356
13-12-2022,13.6721
14-12-2022,13.5935
15-12-2022,13.8377
16-12-2022,13.7211
19-12-2022,13.6414
20-12-2022,13.7518
21-12-2022,14.1231
22-12-2022,14.2031
23-12-2022,14.1894
26-12-2022,14.1285
27-12-2022,14.0987
28-12-2022,14.0962
29-12-2022,14.016
30-12-2022,14.0401
02-01-2023,14.2237
03-01-2023,14.3499
04-01-2023,14.403
05-01-2023,14.4054
06-01-2023,14.2012
09-01-2023,14.0178
10-01-2023,14.2352
11-01-2023,14.2714
12-01-2023,14.2167
13-01-2023,14.3466
16-01-2023,14.6602
17-01-2023,14.6906
18-01-2023,14.6396
19-01-2023,14.5319
20-01-2023,14.6948
23-01-2023,14.5732
24-01-2023,14.5083
25-01-2023,14.4955
26-01-2023,14.499
27-01-2023,14.5457
30-01-2023,14.5176
31-01-2023,14.5249
01-02-2023,14.4752
02-02-2023,14.5152
03-02-2023,14.6516
06-02-2023,14.6808
07-02-2023,14.315
08-02-2023,14.3076
09-02-2023,14.4323
10-02-2023,14.4197
13-02-2023,14.4378
14-02-2023,14.2673
15-02-2023,14.3095
16-02-2023,14.1748
17-02-2023,14.1277
20-02-2023,14.0237
21-02-2023,14.1093
22-02-2023,14.0603
23-02-2023,14.0395
24-02-2023,14.0372
27-02-2023,14.0202
28-02-2023,13.8975
01-03-2023,13.8606
02-03-2023,13.9468
03-03-2023,13.869
06-03-2023,13.895
07-03-2023,13.9486
08-03-2023,13.9617
09-03-2023,13.8131
10-03-2023,13.9349
13-03-2023,13.9099
14-03-2023,14.2209
15-03-2023,14.2095
16-03-2023,14.1792
17-03-2023,14.3414
20-03-2023,14.3291
21-03-2023,14.5475
22-03-2023,14.4471
23-03-2023,14.4003
24-03-2023,14.5702
27-03-2023,14.6977
28-03-2023,14.5855
29-03-2023,14.631
30-03-2023,14.5425
31-03-2023,14.5054
03-04-2023,14.4306
04-04-2023,14.4426
05-04-2023,14.5139
06-04-2023,14.6797
07-04-2023,14.6998
10-04-2023,14.6604
11-04-2023,14.5979
12-04-2023,14.5228
13-04-2023,14.4809
14-04-2023,14.5574
17-04-2023,14.6587
18-04-2023,14.5062
19-04-2023,14.5062
20-04-2023,14.4426
24-04-2023,14.4426
25-04-2023,14.4851
26-04-2023,14.5185
27-04-2023,14.5899
28-04-2023,14.5771
02-05-2023,14.3557
03-05-2023,14.2
04-05-2023,14.3977
05-05-2023,14.5302
08-05-2023,14.578
09-05-2023,14.4928
10-05-2023,14.5107
11-05-2023,14.4863
12-05-2023,14.5869
15-05-2023,14.5763
16-05-2023,14.4904
17-05-2023,14.5507
18-05-2023,14.4678
22-05-2023,14.406
23-05-2023,14.418
24-05-2023,14.3844
25-05-2023,14.3941
26-05-2023,14.3238
29-05-2023,14.3442
30-05-2023,14.3448
31-05-2023,14.5546
01-06-2023,14.8427
02-06-2023,14.9193
05-06-2023,15.0724
06-06-2023,15.1348
07-06-2023,15.4601
08-06-2023,16.59
09-06-2023,16.7538
12-06-2023,16.8634
13-06-2023,17.0172
14-06-2023,17.0117
15-06-2023,16.928
16-06-2023,16.81
19-06-2023,16.8344
20-06-2023,16.7326
21-06-2023,16.7181
22-06-2023,16.6604
23-06-2023,16.7102
26-06-2023,17.709
27-06-2023,18.1043
03-07-2023,18.1043
04-07-2023,18.0593
05-07-2023,18.0803
06-07-2023,18.1123
07-07-2023,18.1751
10-07-2023,18.2582
11-07-2023,18.3803
12-07-2023,18.6372
13-07-2023,18.7881
14-07-2023,18.9449
17-07-2023,18.9666
18-07-2023,19.0431
19-07-2023,19.482
20-07-2023,19.3337
21-07-2023,19.3524
24-07-2023,19.0922
25-07-2023,19.1328
26-07-2023,19.122
27-07-2023,19.2513
28-07-2023,19.3078
31-07-2023,19.4031
01-08-2023,19.0151
02-08-2023,18.9482
03-08-2023,18.966
04-08-2023,18.921
07-08-2023,18.9687
08-08-2023,19.0356
09-08-2023,18.9351
10-08-2023,18.9152
11-08-2023,18.848
14-08-2023,18.7537
15-08-2023,18.7186
16-08-2023,18.6328
17-08-2023,18.6486
18-08-2023,18.6003
21-08-2023,18.6831
22-08-2023,18.6989
23-08-2023,18.722
24-08-2023,18.7594
25-08-2023,18.716
28-08-2023,18.159
29-08-2023,18.1816
31-08-2023,18.1993
01-09-2023,18.3504
04-09-2023,18.423
05-09-2023,18.3434
06-09-2023,18.2679
07-09-2023,18.2418
08-09-2023,18.2572
11-09-2023,18.2689
12-09-2023,18.3998
13-09-2023,18.3664
14-09-2023,18.3375
15-09-2023,18.3451
18-09-2023,18.2987
19-09-2023,18.3507
20-09-2023,18.3519
21-09-2023,18.3156
22-09-2023,18.3091
25-09-2023,18.3551
26-09-2023,18.3698
27-09-2023,18.3471
28-09-2023,18.3597
29-09-2023,18.4094
02-10-2023,18.4481
03-10-2023,18.3799
04-10-2023,18.3968
05-10-2023,18.5509
06-10-2023,18.5613
09-10-2023,18.5747
10-10-2023,18.6201
11-10-2023,18.6637
12-10-2023,18.6915
13-10-2023,18.6581
16-10-2023,18.6151
17-10-2023,18.6929
18-10-2023,18.7084
19-10-2023,18.7566
20-10-2023,18.7437
23-10-2023,18.7314
24-10-2023,18.7592
25-10-2023,18.8302
26-10-2023,18.8095
27-10-2023,18.7646
30-10-2023,18.817
31-10-2023,18.9309
01-11-2023,18.8408
02-11-2023,18.7757
03-11-2023,18.9036
06-11-2023,18.9408
07-11-2023,19.0534
08-11-2023,18.9859
09-11-2023,18.9726
10-11-2023,18.9362
13-11-2023,18.8921
14-11-2023,18.8874
15-11-2023,18.9205
16-11-2023,19.0943
17-11-2023,19.0187
20-11-2023,19.2019
21-11-2023,19.4009
22-11-2023,19.5554
23-11-2023,19.3844
24-11-2023,19.3729
27-11-2023,19.349
28-11-2023,19.4397
29-11-2023,19.5204
30-11-2023,19.6531
01-12-2023,19.6458
04-12-2023,19.5718
05-12-2023,19.749
06-12-2023,19.7239
07-12-2023,19.6955
08-12-2023,19.9471
11-12-2023,20.1185
12-12-2023,19.89
13-12-2023,20.0161
14-12-2023,19.9807
15-12-2023,20.5444
18-12-2023,20.5245
19-12-2023,20.4392
20-12-2023,20.1834
21-12-2023,20.3451
22-12-2023,20.4159
25-12-2023,20.5771
26-12-2023,20.5991
27-12-2023,20.6417
28-12-2023,20.6533
29-12-2023,20.9596
02-01-2024,20.8841
03-01-2024,21.0382
04-01-2024,20.9497
05-01-2024,20.7704
08-01-2024,20.5929
09-01-2024,20.7489
10-01-2024,20.8328
11-01-2024,20.7196
12-01-2024,20.6834
15-01-2024,20.7679
16-01-2024,20.7319
17-01-2024,20.6076
18-01-2024,20.4369
19-01-2024,20.4369
22-01-2024,20.4183
23-01-2024,20.469
24-01-2024,20.5586
25-01-2024,20.5529
26-01-2024,20.5545
29-01-2024,20.5473
30-01-2024,20.5712
31-01-2024,20.6531
01-02-2024,20.5924
02-02-2024,20.7314
05-02-2024,20.8036
06-02-2024,20.6169
07-02-2024,20.6124
08-02-2024,20.7169
09-02-2024,20.597
12-02-2024,20.5684
13-02-2024,20.6292
14-02-2024,20.5965
15-02-2024,20.4668
16-02-2024,20.5396
19-02-2024,20.5355
20-02-2024,20.626
21-02-2024,20.606
22-02-2024,20.6806
23-02-2024,20.7003
26-02-2024,20.6671
27-02-2024,20.7042
28-02-2024,20.7597
29-02-2024,20.7356
01-03-2024,20.8846
04-03-2024,20.8467
05-03-2024,20.9765
06-03-2024,21.0578
07-03-2024,21.2377
08-03-2024,21.5664
11-03-2024,21.6942
12-03-2024,21.8589
13-03-2024,21.7945
14-03-2024,21.7588
15-03-2024,21.7834
18-03-2024,21.7053
19-03-2024,21.7109
20-03-2024,21.5482
21-03-2024,21.4179
22-03-2024,21.4701
25-03-2024,21.1908
26-03-2024,21.2737
27-03-2024,21.3047
28-03-2024,21.3205
29-03-2024,21.3962
01-04-2024,21.4207
02-04-2024,21.4663
03-04-2024,21.2727
04-04-2024,21.1396
05-04-2024,21.0744
08-04-2024,21.1783
09-04-2024,21.1637
15-04-2024,21.1637
16-04-2024,21.0939
17-04-2024,21.057
18-04-2024,21.0876
19-04-2024,21.1131
22-04-2024,21.1321
24-04-2024,21.0936
25-04-2024,21.0496
26-04-2024,20.9561
29-04-2024,20.8029
30-04-2024,20.8093
02-05-2024,20.677
03-05-2024,20.9118
06-05-2024,21.1385
07-05-2024,21.0451
08-05-2024,20.9464
09-05-2024,20.8144
10-05-2024,20.7318
13-05-2024,20.7357
14-05-2024,20.7119
15-05-2024,20.6663
16-05-2024,20.7628
17-05-2024,20.8851
20-05-2024,20.7488
21-05-2024,20.736
22-05-2024,20.6703
23-05-2024,20.6172
24-05-2024,20.5996
27-05-2024,20.5574
28-05-2024,20.5665
29-05-2024,20.5609
30-05-2024,20.5652
31-05-2024,20.643
03-06-2024,20.5286
04-06-2024,20.5628
05-06-2024,20.8702
06-06-2024,20.8797
07-06-2024,20.6974
10-06-2024,20.7939
11-06-2024,20.7117
12-06-2024,20.6394
13-06-2024,20.6237
14-06-2024,20.5881
20-06-2024,20.7115
21-06-2024,20.6529
24-06-2024,20.7169
25-06-2024,20.639
26-06-2024,20.7194
27-06-2024,20.6452
28-06-2024,20.5477
01-07-2024,20.5048
02-07-2024,20.3416
03-07-2024,20.2711
04-07-2024,20.1589
05-07-2024,20.2463
08-07-2024,20.3813
09-07-2024,20.3626
10-07-2024,20.4187
11-07-2024,20.448
12-07-2024,20.4128
16-07-2024,20.7669
17-07-2024,20.9275
18-07-2024,21.1588
19-07-2024,21.2173
22-07-2024,21.0621
23-07-2024,21.1062
24-07-2024,21.148
25-07-2024,21.3126
26-07-2024,21.719
29-07-2024,21.4624
30-07-2024,21.5363
31-07-2024,21.421
01-08-2024,22.0213
02-08-2024,22.1424
05-08-2024,22.2962
06-08-2024,23.4183
07-08-2024,23.1137
08-08-2024,22.8705
09-08-2024,22.9874
12-08-2024,22.8308
13-08-2024,22.819
14-08-2024,22.7672
15-08-2024,22.8589
16-08-2024,22.8956
19-08-2024,22.707
20-08-2024,23.1268
21-08-2024,23.1217
22-08-2024,23.2656
23-08-2024,23.3457
26-08-2024,23.3231
27-08-2024,23.6694
28-08-2024,23.5433
29-08-2024,23.6166
02-09-2024,23.5592
03-09-2024,23.2271
04-09-2024,23.3095
05-09-2024,23.5239
06-09-2024,23.7305
09-09-2024,23.8499
10-09-2024,23.7886
11-09-2024,23.8178
12-09-2024,24.0823
13-09-2024,23.8663
16-09-2024,24.1179
17-09-2024,24.3139
18-09-2024,24.2555
19-09-2024,24.1135
20-09-2024,23.9129
23-09-2024,23.7096
24-09-2024,23.8131
25-09-2024,23.7293
26-09-2024,23.7649
27-09-2024,23.6714
30-09-2024,23.9115
01-10-2024,24.0548
02-10-2024,23.8093
03-10-2024,23.7613
04-10-2024,23.3458
07-10-2024,23.4161
08-10-2024,23.1393
09-10-2024,23.2388
10-10-2024,23.1066
11-10-2024,23.0199
14-10-2024,23.0444
15-10-2024,22.9855
16-10-2024,23.0224
17-10-2024,22.9732
18-10-2024,22.8887
21-10-2024,22.8856
22-10-2024,22.8982
23-10-2024,22.7464
24-10-2024,22.5042
25-10-2024,22.5859
28-10-2024,22.6002
30-10-2024,22.6002
31-10-2024,22.4414
01-11-2024,22.5168
04-11-2024,22.5188
05-11-2024,22.6528
06-11-2024,22.6138
07-11-2024,22.2879
08-11-2024,22.2855
11-11-2024,22.5698
12-11-2024,22.4092
13-11-2024,22.3798
14-11-2024,22.2325
15-11-2024,22.0838
18-11-2024,22.1586
19-11-2024,22.3331
20-11-2024,22.4964
21-11-2024,22.2147
22-11-2024,22.3799
25-11-2024,22.3933
26-11-2024,22.4385
27-11-2024,22.5549
28-11-2024,22.885
29-11-2024,22.8697
02-12-2024,23.14
03-12-2024,23.155
04-12-2024,23.2239
05-12-2024,23.1398
06-12-2024,23.2045
